,1979,,1980,,Jan.1981-Aug.1982,,Aug.1982-Nov.1983,,Nov.1983-Nov.1984,,Nov.1984-Nov.1985,,Nov.1985-Nov.1986,,Nov.1986-Nov.1987,,1988,1989,1990,1991,1992,1993,,,,,,,,,,1994,,,,,,,,,,1995,,,,,,,,,,1996,,,,,,,,,,1997,,,,,,,,,,1998,,,,,,,,,,1999,,,,,,,,,,2000,,,,,,,,,,2001,,,,,2002,,,,,2003,,,,,2004,,,,,2005,,,,,2006,,,,,2007,,,,,2008,,,,,2009,,,,,2010,,,,,2011,,,,,2012,,,,,2013,,,,,2014,,,,,2015,,,,,2016,,,,
,Print,Broadcast,Print,Broadcast,Print,Broadcast,Print,Broadcast,Print,Broadcast,Print,Broadcast,Print,Broadcast,Print,Broadcast,Status,Status,Status,Status,Status,A-Broadcast,A-Print,B-Broadcast,B-Print,C-Broadcast,C-Print,D-Broadcast,D-Print,Total Score,Status,A-Broadcast,A-Print,B-Broadcast,B-Print,C-Broadcast,C-Print,D-Broadcast,D-Print,Total Score,Status,A-Broadcast,A-Print,B-Broadcast,B-Print,C-Broadcast,C-Print,D-Broadcast,D-Print,Total Score,Status,A-Broadcast,A-Print,B-Broadcast,B-Print,C-Broadcast,C-Print,D-Broadcast,D-Print,Total Score,Status,A-Broadcast,A-Print,B-Broadcast,B-Print,C-Broadcast,C-Print,D-Broadcast,D-Print,Total Score,Status,A-Broadcast,A-Print,B-Broadcast,B-Print,C-Broadcast,C-Print,D-Broadcast,D-Print,Total Score,Status,A-Broadcast,A-Print,B-Broadcast,B-Print,C-Broadcast,C-Print,D-Broadcast,D-Print,Total Score,Status,A-Broadcast,A-Print,B-Broadcast,B-Print,C-Broadcast,C-Print,D-Broadcast,D-Print,Total Score,Status,A-Legal,B-Political,C-Economic,Total Score,Status,A-Legal,B-Political,C-Economic,Total Score,Status,A-Legal,B-Political,C-Economic,Total Score,Status,A-Legal,B-Political,C-Economic,Total Score,Status,A-Legal,B-Political,C-Economic,Total Score,Status,A-Legal,B-Political,C-Economic,Total Score,Status,A-Legal,B-Political,C-Economic,Total Score,Status,A-Legal,B-Political,C-Economic,Total Score,Status,A-Legal,B-Political,C-Economic,Total Score,Status,A-Legal,B-Political,C-Economic,Total Score,Status,A-Legal,B-Political,C-Economic,Total Score,Status,A-Legal,B-Political,C-Economic,Total Score,Status,A-Legal,B-Political,C-Economic,Total Score,Status,A-Legal,B-Political,C-Economic,Total Score,Status,A-Legal,B-Political,C-Economic,Total Score,Status,A-Legal,B-Political,C-Economic,Total Score,Status
Afghanistan,NF,NF,NF,NF,NF,NF,NF,NF,NF,NF,NF,NF,NF,NF,NF,NF,NF,NF,NF,NF,NF,-,-,-,-,-,-,-,-,-,NF,10,10,10,10,10,10,15,15,90,NF,10,10,10,10,10,10,15,15,90,NF,15,15,15,15,15,15,5,5,100,NF,15,15,15,15,15,15,5,5,100,NF,15,15,15,15,15,15,5,5,100,NF,15,15,15,15,15,15,0,0,90,NF,15,15,15,15,15,15,0,5,95,NF,-,-,-,-,-,24,30,20,74,NF,24,28,20,72,NF,21,27,20,68,NF,21,28,20,69,NF,21,28,20,69,NF,21,30,20,71,NF,22,32,20,74,NF,22,33,21,76,NF,22,33,20,75,NF,22,32,20,74,NF,20,28,19,67,NF,20,27,19,66,NF,20,28,19,67,NF,18,26,18,62,NF,17,27,16,60,PF
Albania,NF,NF,NF,NF,NF,NF,NF,NF,NF,NF,NF,NF,NF,NF,NF,NF,NF,NF,NF,PF,PF,9,9,10,6,5,4,2,8,53,PF,9,9,10,6,5,5,10,13,67,NF,9,9,10,6,5,7,10,15,71,NF,13,13,12,11,5,15,1,5,75,NF,10,8,11,11,5,5,1,5,56,PF,8,8,11,11,5,10,1,2,56,PF,8,8,12,11,6,10,1,0,56,PF,8,8,12,11,6,10,1,0,56,PF,24,12,12,48,PF,20,18,12,50,PF,17,18,14,49,PF,18,17,16,51,PF,17,17,16,50,PF,17,16,17,50,PF,16,16,18,50,PF,16,16,18,50,PF,16,16,18,50,PF,16,17,17,50,PF,16,18,17,51,PF,15,17,17,49,PF,15,17,17,49,PF,15,17,17,49,PF,15,18,18,51,PF,15,19,17,51,PF
Algeria,NF,NF,NF,NF,NF,NF,NF,NF,NF,NF,NF,NF,NF,NF,NF,NF,NF,PF,PF,PF,NF,10,10,10,10,8,10,10,15,83,NF,10,9,10,10,10,10,20,20,99,NF,10,9,10,10,10,10,20,20,99,NF,15,15,15,15,15,15,4,5,99,NF,15,15,15,15,15,15,2,5,97,NF,15,13,15,10,10,15,0,5,83,NF,15,13,15,10,10,15,2,3,83,NF,15,13,15,7,10,12,0,2,74,NF,21,26,15,62,NF,21,24,17,62,NF,23,22,18,63,NF,23,23,18,64,NF,22,22,17,61,NF,22,23,17,62,NF,22,23,17,62,NF,22,23,17,62,NF,22,25,17,64,NF,22,23,17,62,NF,22,23,17,62,NF,21,23,17,61,NF,20,22,17,59,PF,21,23,17,61,NF,22,23,17,62,NF,22,24,19,65,NF
Andorra,-,-,-,-,-,-,-,-,-,-,-,-,-,-,-,-,-,-,-,-,-,-,-,-,-,-,-,-,-,-,-,-,-,-,-,-,-,-,-,-,-,-,-,-,-,-,-,-,-,-,-,-,-,-,-,-,-,-,-,-,-,-,-,-,-,-,-,-,-,-,-,-,-,-,-,-,-,-,-,-,-,-,-,-,-,-,-,-,-,-,-,-,-,-,-,-,-,-,-,-,-,-,-,-,-,-,1,1,6,8,F,1,4,8,13,F,1,5,8,14,F,1,5,8,14,F,1,4,8,13,F,1,4,8,13,F,1,4,8,13,F,1,4,8,13,F,1,4,8,13,F,1,4,8,13,F,1,4,8,13,F,1,4,8,13,F,1,4,8,13,F,1,4,8,13,F,2,5,8,15,F
Angola,NF,NF,NF,NF,NF,NF,NF,NF,NF,NF,NF,NF,NF,NF,NF,NF,NF,NF,NF,NF,NF,10,10,10,10,5,5,12,12,74,NF,10,10,10,10,5,5,5,13,68,NF,10,10,7,10,6,6,10,10,69,NF,15,15,13,13,5,5,5,3,74,NF,15,15,13,13,7,7,2,2,74,NF,15,15,13,13,7,7,2,2,74,NF,15,15,13,13,7,7,5,5,80,NF,15,15,13,13,7,7,5,5,80,NF,21,33,25,79,NF,20,30,22,72,NF,18,27,21,66,NF,19,26,21,66,NF,19,25,21,65,NF,17,24,21,62,NF,19,23,21,63,NF,18,22,21,61,NF,18,23,21,62,NF,18,25,21,64,NF,19,27,21,67,NF,19,28,21,68,NF,19,29,21,69,NF,19,30,21,70,NF,20,30,21,71,NF,22,30,21,73,NF
Antigua and Barbuda,-,-,-,-,F,PF,PF,PF,PF,PF,PF,PF,PF,PF,PF,PF,F,F,F,F,F,2,2,10,10,1,1,1,1,28,F,5,2,10,10,1,1,3,3,35,PF,6,2,10,9,1,1,3,3,35,PF,15,3,15,9,1,1,1,1,46,PF,15,3,15,9,1,1,1,1,46,PF,15,3,15,9,1,1,1,1,46,PF,15,3,15,9,1,3,0,0,46,PF,15,3,15,9,1,3,0,0,46,PF,12,16,16,44,PF,12,16,17,45,PF,12,16,15,43,PF,12,14,14,40,PF,10,14,14,38,PF,10,14,14,38,PF,10,16,13,39,PF,10,15,13,38,PF,10,15,13,38,PF,9,16,13,38,PF,9,16,13,38,PF,9,16,13,38,PF,9,17,13,39,PF,9,16,13,38,PF,8,16,11,35,PF,8,15,11,34,PF
Argentina,PF,NF,PF,NF,PF,NF,F,PF,F,PF,F,F,F,F,F,F,F,F,F,F,F,3,2,3,2,2,2,7,8,29,F,4,3,4,3,3,3,3,6,29,F,4,3,4,3,3,3,4,7,31,PF,5,4,5,6,3,5,1,2,31,PF,5,4,5,9,3,5,1,4,36,PF,6,5,7,9,3,5,2,4,41,PF,6,4,7,9,3,5,3,4,41,PF,6,4,6,7,3,5,1,1,33,PF,10,21,6,37,PF,11,16,12,39,PF,8,14,13,35,PF,10,16,15,41,PF,12,17,16,45,PF,13,20,16,49,PF,11,21,15,47,PF,13,21,15,49,PF,13,21,15,49,PF,12,23,16,51,PF,12,22,16,50,PF,13,23,16,52,PF,14,21,16,51,PF,15,20,16,51,PF,14,20,16,50,PF,13,18,15,46,PF
Armenia,-,-,-,-,-,-,-,-,-,-,-,-,-,-,-,-,-,-,-,-,PF,5,5,10,8,6,10,2,2,52,PF,7,5,10,8,6,10,1,10,57,PF,7,4,10,8,6,10,1,10,56,PF,7,7,8,13,6,13,1,1,56,PF,7,7,8,13,6,13,0,2,56,PF,8,8,8,13,6,13,0,0,56,PF,8,8,8,13,6,13,0,1,57,PF,8,8,8,13,6,13,0,2,59,PF,21,26,13,60,PF,23,26,16,65,NF,20,26,18,64,NF,20,26,18,64,NF,20,26,18,64,NF,20,24,20,64,NF,21,25,20,66,NF,21,27,20,68,NF,21,25,20,66,NF,20,25,20,65,NF,21,24,20,65,NF,19,22,20,61,NF,19,23,20,62,NF,19,22,20,61,NF,20,23,20,63,NF,20,23,20,63,NF
Australia,F,F,F,F,F,F,F,F,F,F,F,F,F,F,F,F,F,F,F,F,F,1,1,1,0,1,3,0,2,9,F,1,1,1,0,1,3,0,0,7,F,1,1,1,1,1,3,0,0,8,F,1,1,1,1,1,3,1,1,10,F,1,1,1,1,1,5,0,0,10,F,1,1,1,1,1,5,0,0,10,F,1,1,1,1,1,5,0,0,10,F,1,1,1,1,1,5,0,0,10,F,0,3,7,10,F,3,5,6,14,F,3,4,7,14,F,4,7,7,18,F,5,8,6,19,F,6,9,6,21,F,6,8,7,21,F,6,9,7,22,F,6,9,7,22,F,5,9,7,21,F,4,10,7,21,F,4,10,7,21,F,5,10,7,22,F,5,10,7,22,F,6,10,7,23,F,6,9,7,22,F
Austria,F,F,F,F,F,F,F,F,F,F,F,F,F,F,F,F,F,F,F,F,F,2,2,10,2,2,0,0,1,19,F,2,2,8,2,2,0,0,2,18,F,3,3,2,2,0,0,0,2,12,F,3,3,2,2,0,0,0,2,12,F,3,3,2,2,0,2,0,0,12,F,3,3,2,2,0,2,0,0,12,F,3,3,2,2,0,2,0,0,12,F,3,4,2,3,0,2,0,0,14,F,10,6,8,24,F,11,6,6,23,F,9,8,6,23,F,8,8,5,21,F,8,8,5,21,F,8,8,5,21,F,8,8,5,21,F,8,8,5,21,F,8,8,5,21,F,8,8,5,21,F,8,8,5,21,F,8,8,5,21,F,8,8,5,21,F,8,8,6,22,F,8,9,6,23,F,8,8,6,22,F
Azerbaijan,-,-,-,-,-,-,-,-,-,-,-,-,-,-,-,-,-,-,-,-,NF,8,10,10,9,6,10,2,15,70,NF,10,9,9,10,6,10,4,11,69,NF,10,9,10,10,5,10,5,10,69,NF,12,10,10,15,5,15,2,5,74,NF,12,10,10,15,5,15,2,5,74,NF,11,10,10,15,5,15,2,5,73,NF,11,7,10,14,5,15,5,3,70,NF,12,12,13,13,6,12,5,3,76,NF,26,28,23,77,NF,22,28,23,73,NF,24,26,21,71,NF,23,27,22,72,NF,23,27,22,72,NF,24,29,22,75,NF,25,30,22,77,NF,25,31,22,78,NF,25,32,22,79,NF,26,31,22,79,NF,26,32,22,80,NF,27,33,22,82,NF,28,34,22,84,NF,29,36,22,87,NF,29,38,22,89,NF,29,39,22,90,NF
Bahamas,F,PF,F,PF,F,PF,F,PF,F,PF,F,PF,F,PF,F,PF,F,F,F,F,F,2,4,3,1,2,2,2,2,18,F,1,1,2,1,1,2,0,0,8,F,1,1,2,1,1,1,0,0,7,F,1,1,2,1,1,1,0,0,7,F,1,1,2,1,1,1,0,0,7,F,1,1,2,1,1,1,0,0,7,F,1,1,2,1,1,1,0,0,7,F,1,1,2,1,1,1,0,0,7,F,3,2,3,8,F,3,3,5,11,F,4,5,5,14,F,2,6,6,14,F,2,8,6,16,F,2,9,6,17,F,3,10,7,20,F,3,10,7,20,F,3,10,7,20,F,3,10,7,20,F,3,10,7,20,F,3,9,7,19,F,4,9,7,20,F,5,9,7,21,F,5,10,7,22,F,5,11,7,23,F
Bahrain,NF,NF,NF,NF,NF,NF,NF,NF,NF,NF,NF,NF,NF,NF,NF,NF,NF,NF,NF,NF,NF,10,8,10,8,4,9,5,6,60,PF,10,8,10,8,6,9,3,3,57,PF,10,10,10,10,7,10,0,3,60,PF,10,10,10,13,7,10,1,5,66,NF,12,12,10,13,7,10,1,1,66,NF,13,13,12,13,7,10,0,1,69,NF,15,13,15,14,7,10,0,1,75,NF,15,13,15,14,7,10,0,1,75,NF,26,24,25,75,NF,20,25,23,68,NF,22,25,23,70,NF,23,26,22,71,NF,24,26,22,72,NF,23,26,22,71,NF,24,27,20,71,NF,24,27,20,71,NF,24,27,20,71,NF,25,27,20,72,NF,28,35,21,84,NF,28,37,21,86,NF,28,37,22,87,NF,28,37,22,87,NF,28,37,22,87,NF,28,37,22,87,NF
Bangladesh,F,PF,F,PF,F,PF,PF,PF,PF,PF,PF,PF,PF,PF,PF,PF,NF,NF,NF,F,PF,3,3,8,7,8,8,5,10,52,PF,5,3,8,7,8,8,1,9,49,PF,5,3,8,7,8,9,1,8,49,PF,5,3,12,11,8,12,1,5,57,PF,5,3,15,11,8,13,1,1,57,PF,5,5,13,12,8,12,0,4,59,PF,13,5,11,10,6,7,3,5,60,PF,13,7,12,9,7,7,0,5,60,PF,16,38,9,63,NF,17,31,17,65,NF,19,31,18,68,NF,20,31,17,68,NF,20,31,17,68,NF,20,30,16,66,NF,22,30,16,68,NF,20,27,16,63,NF,18,22,16,56,PF,17,21,16,54,PF,15,21,16,52,PF,15,22,16,53,PF,15,23,16,54,PF,16,22,16,54,PF,18,27,16,61,NF,19,27,16,62,NF
Barbados,F,PF,F,PF,F,PF,F,PF,F,PF,F,PF,F,PF,F,PF,F,F,F,F,F,1,1,3,2,3,3,2,2,17,F,1,1,6,2,3,3,3,0,19,F,1,1,6,2,3,3,0,0,16,F,1,1,6,2,3,3,0,0,16,F,1,1,6,2,3,3,0,0,16,F,1,1,6,2,3,3,0,0,16,F,1,1,6,2,3,3,0,0,16,F,1,1,6,2,3,3,0,0,16,F,1,4,11,16,F,1,4,9,14,F,4,6,7,17,F,3,6,8,17,F,3,8,6,17,F,3,8,6,17,F,3,10,6,19,F,3,10,6,19,F,3,10,6,19,F,3,10,6,19,F,3,10,6,19,F,3,9,6,18,F,3,9,6,18,F,3,9,6,18,F,3,9,6,18,F,3,10,6,19,F
Belarus,-,-,-,-,-,-,-,-,-,-,-,-,-,-,-,-,-,-,-,-,PF,6,7,10,8,8,8,5,14,66,NF,8,8,10,9,8,10,4,10,67,NF,8,8,10,9,6,9,5,15,70,NF,15,15,15,15,5,15,0,5,85,NF,15,15,15,15,5,15,5,5,90,NF,13,14,14,13,5,11,5,5,80,NF,13,13,14,14,5,11,5,5,80,NF,13,13,14,14,5,11,5,5,80,NF,26,31,25,82,NF,27,32,23,82,NF,26,30,28,84,NF,26,32,28,86,NF,27,33,28,88,NF,27,34,28,89,NF,28,35,28,91,NF,28,35,28,91,NF,29,35,28,92,NF,29,36,28,93,NF,29,36,28,93,NF,29,36,28,93,NF,29,36,28,93,NF,29,36,28,93,NF,29,34,28,91,NF,28,30,25,83,NF
Belgium,F,F,F,F,F,F,F,F,F,F,F,F,F,F,F,F,F,F,F,F,F,1,1,1,1,0,2,0,1,7,F,1,1,1,1,0,2,0,1,7,F,1,1,1,2,0,2,1,2,10,F,1,1,1,2,0,2,1,2,10,F,1,1,1,2,0,2,0,3,10,F,1,1,1,2,0,2,2,0,9,F,1,1,2,2,0,2,1,0,9,F,1,1,2,2,0,2,1,0,9,F,2,2,5,9,F,3,1,5,9,F,2,3,4,9,F,2,4,5,11,F,2,4,5,11,F,2,4,5,11,F,2,4,5,11,F,3,4,5,12,F,3,4,5,12,F,3,4,5,12,F,2,4,5,11,F,2,4,5,11,F,2,4,5,11,F,2,4,5,11,F,2,4,5,11,F,3,3,6,12,F
Belize,-,-,-,-,F,PF,F,PF,F,PF,F,PF,F,PF,F,PF,F,F,F,F,F,2,3,5,3,3,3,5,5,29,F,2,3,5,4,3,5,0,0,22,F,4,2,5,6,3,5,0,0,25,F,4,2,8,6,0,5,0,0,25,F,4,2,8,6,0,5,0,0,25,F,4,2,4,5,5,5,0,0,25,F,4,2,4,5,5,5,0,0,25,F,4,2,4,5,5,5,0,0,25,F,11,8,5,24,F,11,8,4,23,F,8,9,5,22,F,8,7,5,20,F,8,8,5,21,F,8,8,5,21,F,8,9,5,22,F,8,8,5,21,F,8,8,5,21,F,8,9,6,23,F,8,8,5,21,F,8,9,5,22,F,8,9,5,22,F,8,9,5,22,F,8,9,5,22,F,8,13,6,27,F
Benin,NF,NF,NF,NF,NF,NF,NF,NF,NF,NF,NF,NF,NF,NF,NF,NF,NF,NF,PF,F,PF,10,2,6,4,4,4,2,2,34,PF,9,2,6,4,4,5,0,1,31,PF,9,2,5,4,4,5,1,1,31,PF,9,2,5,4,4,5,0,1,30,F,9,3,5,4,4,5,0,0,30,F,9,3,5,4,4,5,0,0,30,F,9,3,5,3,4,5,1,0,30,F,9,3,5,3,4,5,0,1,30,F,8,12,10,30,F,7,11,10,28,F,9,11,10,30,F,10,10,10,30,F,11,9,10,30,F,10,10,10,30,F,11,10,10,31,PF,11,10,10,31,PF,11,12,10,33,PF,11,12,10,33,PF,11,12,11,34,PF,11,12,11,34,PF,12,11,13,36,PF,14,11,13,38,PF,13,12,13,38,PF,13,11,13,37,PF
Bhutan,NF,NF,NF,NF,NF,-,NF,-,NF,-,NF,-,NF,-,NF,-,NF,NF,NF,NF,NF,10,10,10,10,10,10,3,3,66,NF,10,10,10,8,10,10,1,3,62,NF,10,10,10,8,10,10,2,2,62,NF,12,10,15,8,10,10,0,0,65,NF,12,10,17,8,10,8,0,0,65,NF,15,14,15,14,10,8,0,4,80,NF,15,14,15,14,10,8,0,0,76,NF,15,14,15,14,10,8,0,0,76,NF,26,21,25,72,NF,26,25,19,70,NF,22,24,22,68,NF,20,24,22,66,NF,19,24,22,65,NF,19,23,20,62,NF,19,23,19,61,NF,19,23,19,61,NF,18,20,19,57,PF,18,20,19,57,PF,18,20,20,58,PF,18,20,20,58,PF,18,21,20,59,PF,18,21,20,59,PF,18,20,20,58,PF,18,20,20,58,PF
Bolivia,F,F,PF,NF,PF,NF,F,PF,F,PF,F,PF,F,PF,F,PF,PF,PF,F,F,F,2,2,3,1,2,2,4,4,20,F,2,2,3,1,2,2,3,2,17,F,2,2,3,1,2,2,3,2,17,F,2,2,3,3,2,2,1,5,20,F,4,4,3,3,2,2,0,0,18,F,4,4,3,3,2,2,0,0,18,F,4,4,3,3,2,2,1,3,22,F,4,4,3,3,2,2,0,4,22,F,7,14,4,25,F,8,14,8,30,F,13,17,7,37,PF,13,15,7,35,PF,10,13,10,33,PF,10,16,11,37,PF,10,18,11,39,PF,11,19,12,42,PF,11,20,12,43,PF,13,21,12,46,PF,13,22,12,47,PF,14,22,12,48,PF,14,22,12,48,PF,14,21,12,47,PF,15,21,13,49,PF,16,23,14,53,PF
Bosnia and Herzegovina,-,-,-,-,-,-,-,-,-,-,-,-,-,-,-,-,-,-,-,-,NF,9,9,10,4,10,10,3,15,70,NF,9,9,10,4,9,10,10,11,72,NF,9,9,10,4,9,10,10,15,76,PF,9,9,12,12,9,9,5,5,71,NF,9,9,14,14,9,9,5,5,74,NF,9,9,10,7,8,10,1,2,56,PF,9,9,10,7,8,10,1,2,56,PF,8,8,10,7,8,10,1,2,54,PF,8,19,26,53,PF,8,20,21,49,PF,9,20,19,48,PF,8,21,16,45,PF,8,21,16,45,PF,8,21,16,45,PF,8,21,16,45,PF,9,22,16,47,PF,9,23,16,48,PF,9,23,16,48,PF,9,23,16,48,PF,9,23,17,49,PF,10,23,17,50,PF,10,24,17,51,PF,10,23,17,50,PF,11,23,17,51,PF
Botswana,F,PF,F,PF,F,PF,F,PF,F,PF,F,PF,F,PF,F,PF,PF,F,F,F,F,4,4,3,3,3,2,0,0,19,F,5,5,6,4,5,3,0,0,28,F,5,5,6,4,4,4,0,2,30,F,5,5,6,4,4,5,0,1,30,F,6,5,6,4,4,5,0,0,30,F,6,5,6,4,4,5,0,0,30,F,5,5,5,4,2,5,1,1,28,F,5,4,5,4,2,5,1,1,27,F,4,18,8,30,F,6,13,11,30,F,6,14,10,30,F,6,13,11,30,F,8,16,11,35,PF,8,16,11,35,PF,8,17,11,36,PF,9,17,11,37,PF,11,17,11,39,PF,11,17,12,40,PF,11,17,12,40,PF,11,17,13,41,PF,11,17,13,41,PF,12,19,13,44,PF,12,19,14,45,PF,12,19,14,45,PF
Brazil,F,PF,F,PF,PF,PF,F,PF,F,PF,F,F,F,F,F,F,F,F,F,F,F,2,3,5,3,3,2,4,5,27,F,2,2,5,4,5,3,0,9,30,F,2,2,5,3,5,3,0,10,30,F,2,2,5,8,5,3,0,5,30,F,3,3,5,8,5,3,0,5,32,PF,3,3,5,8,5,3,5,3,35,PF,4,4,5,8,6,5,0,1,33,PF,4,4,4,6,6,5,0,2,31,PF,10,13,9,32,PF,11,18,9,38,PF,10,16,10,36,PF,12,16,12,40,PF,13,15,11,39,PF,15,16,11,42,PF,15,16,11,42,PF,15,16,11,42,PF,14,18,11,43,PF,14,19,11,44,PF,13,20,11,44,PF,13,22,11,46,PF,13,21,11,45,PF,13,21,11,45,PF,13,22,11,46,PF,14,22,11,47,PF
Brunei,-,-,-,-,-,-,-,-,NF,NF,NF,NF,NF,NF,NF,NF,NF,NF,NF,NF,NF,3,3,10,9,3,8,15,15,66,NF,8,7,10,10,9,9,10,10,73,NF,8,8,10,10,9,9,10,10,74,NF,14,14,15,15,0,6,5,5,74,NF,14,14,15,15,5,11,0,0,74,NF,14,14,15,15,5,11,0,0,74,NF,14,14,15,15,5,11,0,0,74,NF,14,14,15,15,5,11,0,0,74,NF,26,29,23,78,NF,28,26,22,76,NF,27,25,22,74,NF,27,26,22,75,NF,28,27,22,77,NF,28,26,22,76,NF,28,25,22,75,NF,28,25,22,75,NF,28,25,22,75,NF,28,25,22,75,NF,28,25,22,75,NF,28,25,22,75,NF,28,25,22,75,NF,28,25,22,75,NF,28,25,23,76,NF,28,25,23,76,NF
Bulgaria,NF,NF,NF,NF,NF,NF,NF,NF,NF,NF,NF,NF,NF,NF,NF,NF,NF,NF,PF,PF,PF,3,3,9,3,5,7,5,8,43,PF,4,4,9,4,6,8,4,0,39,PF,7,4,9,6,5,7,8,0,46,PF,9,6,9,6,5,7,1,1,44,PF,7,5,6,3,5,7,2,1,36,PF,7,5,6,3,5,7,1,5,39,PF,6,5,5,3,4,5,1,1,30,F,4,3,5,3,4,5,1,1,26,F,9,11,9,29,F,10,8,12,30,F,10,13,12,35,PF,10,13,12,35,PF,10,12,12,34,PF,10,12,12,34,PF,10,12,11,33,PF,11,14,11,36,PF,11,13,10,34,PF,11,14,10,35,PF,11,15,10,36,PF,11,15,11,37,PF,11,16,12,39,PF,11,15,12,38,PF,12,16,12,40,PF,12,17,13,42,PF
Burkina Faso,PF,PF,PF,PF,PF,PF,PF,NF,NF,NF,NF,NF,NF,NF,NF,NF,NF,NF,NF,PF,PF,10,5,6,7,3,8,0,1,40,PF,10,5,6,6,3,7,0,0,37,PF,10,5,6,6,3,7,0,0,37,PF,10,5,6,6,3,7,0,0,37,PF,10,5,6,6,3,7,0,2,39,PF,10,5,6,6,3,7,0,2,39,PF,10,5,6,6,3,7,0,3,40,PF,10,5,7,6,3,7,1,0,39,PF,9,16,14,39,PF,9,17,13,39,PF,11,15,13,39,PF,12,15,13,40,PF,11,14,13,38,PF,12,14,13,39,PF,13,15,13,41,PF,13,15,13,41,PF,13,15,13,41,PF,13,15,13,41,PF,13,16,13,42,PF,13,16,13,42,PF,14,17,13,44,PF,18,13,13,44,PF,16,12,13,41,PF,16,12,13,41,PF
Burundi,NF,NF,NF,NF,NF,NF,NF,NF,NF,NF,NF,NF,NF,NF,NF,NF,NF,NF,NF,NF,NF,10,9,10,9,10,9,18,15,88,NF,10,9,10,9,10,9,15,16,88,NF,10,10,10,9,10,9,15,12,85,NF,15,15,15,15,5,10,5,5,85,NF,15,15,15,15,5,10,5,5,85,NF,15,15,15,15,5,10,3,5,83,NF,15,15,15,15,8,10,0,5,83,NF,13,13,14,13,8,15,0,4,80,NF,25,28,24,77,NF,21,32,23,76,NF,21,30,24,75,NF,21,29,24,74,NF,21,29,24,74,NF,22,31,24,77,NF,21,29,24,74,NF,21,30,24,75,NF,21,30,22,73,NF,22,30,22,74,NF,23,28,21,72,NF,23,28,21,72,NF,24,29,21,74,NF,24,29,21,74,NF,25,33,22,80,NF,25,37,23,85,NF
Cambodia,NF,NF,NF,NF,NF,NF,NF,NF,NF,NF,NF,NF,NF,NF,NF,NF,NF,NF,NF,NF,NF,5,5,9,3,5,5,8,10,50,PF,6,6,9,8,5,5,6,15,60,PF,7,7,9,9,5,5,3,20,65,NF,7,8,15,15,5,5,5,5,65,NF,7,8,15,15,5,5,5,5,65,NF,7,8,15,15,5,5,2,5,62,NF,12,8,13,10,4,10,0,4,61,NF,12,8,13,10,4,10,1,3,61,NF,26,22,20,68,NF,19,21,24,64,NF,19,22,22,63,NF,17,24,21,62,NF,20,23,18,61,NF,18,21,19,58,PF,19,22,19,60,PF,19,23,19,61,NF,20,22,19,61,NF,21,23,19,63,NF,21,23,19,63,NF,23,24,19,66,NF,23,24,19,66,NF,23,27,19,69,NF,23,27,19,69,NF,24,27,19,70,NF
Cameroon,NF,NF,NF,NF,NF,NF,NF,NF,NF,NF,NF,NF,NF,NF,NF,NF,NF,NF,NF,NF,NF,10,10,10,9,10,8,4,18,79,NF,10,8,10,9,6,9,8,18,78,NF,10,10,10,8,7,7,5,15,72,NF,15,10,5,15,7,10,5,5,72,NF,15,15,5,15,7,10,5,5,77,NF,15,15,5,15,7,10,5,5,77,NF,14,11,10,13,7,12,5,5,77,NF,13,11,10,13,7,12,1,4,71,NF,26,23,19,68,NF,25,22,18,65,NF,21,25,21,67,NF,22,25,21,68,NF,19,24,22,65,NF,20,25,22,67,NF,20,24,21,65,NF,20,24,21,65,NF,21,24,21,66,NF,21,25,21,67,NF,21,26,21,68,NF,21,24,21,66,NF,22,23,21,66,NF,22,23,21,66,NF,22,22,21,65,NF,22,23,21,66,NF
Canada,F,F,F,F,F,F,F,F,F,F,F,F,F,F,F,F,F,F,F,F,F,1,2,2,1,1,2,1,3,13,F,1,2,2,2,1,2,0,8,18,F,1,2,2,2,1,2,8,5,23,F,1,2,2,2,1,3,0,0,11,F,1,2,2,2,1,3,0,0,11,F,1,2,2,2,1,3,2,3,16,F,1,2,2,2,1,4,1,1,14,F,1,2,2,2,2,5,0,1,15,F,1,6,9,16,F,2,7,8,17,F,2,7,6,15,F,3,8,6,17,F,4,8,6,18,F,3,8,6,17,F,4,8,6,18,F,5,8,6,19,F,5,8,6,19,F,5,8,6,19,F,5,8,6,19,F,5,9,6,20,F,5,8,6,19,F,5,7,6,18,F,5,7,6,18,F,5,7,6,18,F
Cape Verde,NF,NF,NF,NF,NF,NF,NF,NF,NF,NF,NF,NF,NF,NF,PF,NF,NF,NF,NF,PF,F,5,5,2,2,5,5,5,5,34,PF,5,5,3,3,5,5,3,3,32,PF,5,5,3,3,5,5,3,3,32,PF,5,5,5,7,5,5,0,0,32,PF,5,5,5,7,5,5,0,0,32,PF,5,5,5,7,5,5,0,1,33,PF,5,5,5,7,5,5,0,0,32,PF,5,5,5,7,5,5,0,0,32,PF,8,10,12,30,F,8,11,11,30,F,8,16,12,36,PF,7,13,12,32,PF,7,12,13,32,PF,5,10,14,29,F,6,10,12,28,F,6,10,12,28,F,6,10,12,28,F,6,9,12,27,F,6,9,12,27,F,6,9,12,27,F,6,9,12,27,F,6,9,12,27,F,6,9,12,27,F,6,9,12,27,F
Central African Republic,NF,NF,PF,PF,PF,PF,PF,PF,NF,NF,NF,NF,NF,NF,NF,NF,NF,NF,NF,NF,NF,10,8,10,9,5,5,15,18,80,NF,10,8,9,8,5,5,10,10,65,NF,10,8,9,8,5,5,10,10,65,NF,12,12,12,12,5,10,0,2,65,NF,12,12,12,11,5,8,0,0,60,PF,12,12,12,11,5,8,0,0,60,PF,12,9,12,10,5,11,0,1,60,PF,12,9,12,10,5,11,0,2,61,NF,24,23,22,69,NF,20,28,19,67,NF,25,22,17,64,NF,23,22,18,63,NF,21,22,18,61,NF,18,21,19,58,PF,19,23,19,61,NF,19,23,19,61,NF,19,23,19,61,NF,19,23,19,61,NF,20,23,19,62,NF,20,23,19,62,NF,24,32,21,77,NF,21,29,22,72,NF,21,28,22,71,NF,21,28,22,71,NF
Chad,NF,NF,NF,NF,NF,NF,NF,NF,NF,NF,NF,NF,NF,NF,NF,NF,NF,NF,NF,NF,NF,10,10,10,9,5,5,20,18,87,NF,10,9,10,9,7,7,10,10,72,NF,10,9,10,9,7,7,10,10,72,NF,15,15,15,15,0,10,0,2,72,NF,15,15,15,15,0,10,0,0,70,NF,15,15,15,15,0,10,0,5,75,NF,14,10,14,10,8,15,0,1,72,NF,14,10,14,10,8,15,0,1,72,NF,26,22,26,74,NF,20,26,21,67,NF,24,29,21,74,NF,23,29,21,73,NF,23,29,21,73,NF,23,30,21,74,NF,23,30,21,74,NF,24,31,21,76,NF,24,32,21,77,NF,23,31,21,75,NF,23,31,21,75,NF,23,31,22,76,NF,22,31,22,75,NF,22,30,22,74,NF,22,30,22,74,NF,22,30,22,74,NF
Chile,PF,PF,PF,PF,PF,PF,PF,PF,PF,PF,PF,PF,PF,PF,PF,NF,NF,PF,F,F,F,2,5,4,2,2,2,6,7,30,F,4,5,5,3,4,4,0,5,30,F,4,5,5,3,4,4,0,3,28,F,4,5,8,5,3,4,0,1,30,F,4,5,6,5,3,4,0,0,27,F,4,5,6,5,3,4,0,0,27,F,4,5,5,5,3,4,0,1,27,F,4,5,5,5,3,4,0,1,27,F,7,9,6,22,F,8,8,6,22,F,8,7,8,23,F,8,10,6,24,F,8,11,7,26,F,10,12,8,30,F,10,12,8,30,F,9,12,8,29,F,9,13,8,30,F,8,13,8,29,F,8,14,9,31,PF,8,14,9,31,PF,8,14,9,31,PF,8,14,9,31,PF,8,13,8,29,F,8,13,8,29,F
China,NF,NF,NF,NF,NF,NF,NF,NF,NF,NF,NF,NF,NF,NF,NF,NF,NF,NF,NF,NF,NF,10,10,10,10,8,8,18,15,89,NF,10,10,10,8,8,7,15,15,83,NF,10,10,10,8,8,7,10,20,83,NF,15,15,15,15,7,10,1,5,83,NF,15,15,15,15,7,8,1,5,81,NF,15,15,15,14,7,8,2,5,81,NF,15,15,14,14,7,8,2,5,80,NF,15,15,14,14,7,8,2,5,80,NF,26,31,23,80,NF,26,34,20,80,NF,27,32,21,80,NF,27,33,22,82,NF,27,34,22,83,NF,28,34,22,84,NF,28,35,21,84,NF,28,35,22,85,NF,28,34,22,84,NF,29,34,22,85,NF,29,34,22,85,NF,29,32,22,83,NF,29,33,22,84,NF,30,34,22,86,NF,30,35,22,87,NF,30,34,23,87,NF
Colombia,F,F,F,F,F,F,F,F,F,F,F,F,F,F,F,F,F,F,PF,PF,PF,2,2,8,7,6,6,8,10,49,NF,4,3,8,7,6,6,8,6,48,PF,5,4,8,7,6,6,8,10,54,PF,9,8,12,9,5,5,2,5,55,PF,10,8,13,9,5,5,0,5,55,PF,10,8,15,9,5,5,3,5,60,PF,10,8,14,9,5,5,3,5,59,PF,8,8,10,9,5,10,5,5,60,PF,11,30,19,60,PF,12,32,19,63,NF,12,32,19,63,NF,12,32,19,63,NF,13,32,16,61,NF,13,29,15,57,PF,13,30,16,59,PF,13,30,16,59,PF,14,30,16,60,PF,12,28,16,56,PF,11,28,16,55,PF,11,26,16,53,PF,11,27,16,54,PF,12,27,16,55,PF,13,26,17,56,PF,13,26,18,57,PF
Comoros,-,-,-,-,-,-,-,-,-,-,-,-,-,-,-,-,-,-,-,-,-,10,3,5,6,5,6,5,4,44,PF,10,3,5,6,5,6,5,6,46,PF,10,3,5,6,5,6,0,0,35,PF,10,3,5,6,5,6,0,3,38,PF,10,3,7,7,5,6,0,0,38,PF,10,3,7,7,5,6,0,0,38,PF,10,3,7,7,5,6,1,1,40,PF,6,3,7,5,6,9,0,2,38,PF,12,15,14,41,PF,9,20,14,43,PF,12,20,13,45,PF,11,18,15,44,PF,12,20,15,47,PF,12,21,15,48,PF,14,25,15,54,PF,14,21,15,50,PF,14,21,15,50,PF,14,19,15,48,PF,14,19,15,48,PF,14,20,15,49,PF,14,20,15,49,PF,14,20,15,49,PF,14,20,15,49,PF,14,20,15,49,PF
Congo (Brazzaville),NF,NF,NF,NF,NF,NF,NF,NF,NF,NF,NF,NF,NF,NF,NF,NF,NF,NF,NF,PF,PF,7,7,6,6,5,5,10,13,59,PF,10,7,8,5,5,7,6,5,53,PF,10,7,8,5,5,7,5,5,52,PF,10,7,8,5,5,7,0,3,45,PF,15,15,15,15,5,7,0,0,72,NF,15,15,15,15,5,7,2,1,75,NF,15,15,15,15,5,7,5,0,77,NF,15,12,15,9,5,14,0,1,71,NF,18,18,17,53,PF,18,20,17,55,PF,17,20,17,54,PF,17,17,17,51,PF,17,17,17,51,PF,17,17,17,51,PF,17,17,17,51,PF,17,19,17,53,PF,16,21,17,54,PF,16,21,17,54,PF,25,34,24,55,PF,16,23,17,56,PF,16,24,17,57,PF,24,31,24,79,NF,17,25,17,59,PF,17,25,18,60,PF
Congo (Kinshasa),NF,NF,NF,NF,NF,NF,NF,NF,NF,NF,NF,NF,NF,NF,NF,NF,NF,NF,NF,NF,NF,8,10,9,9,10,10,15,17,88,NF,10,10,10,9,9,9,10,18,85,NF,10,10,10,10,0,10,16,18,84,NF,15,15,15,15,5,15,3,1,84,NF,15,15,15,15,5,15,2,2,84,NF,15,15,15,15,5,15,5,5,90,NF,15,15,15,15,5,15,5,5,90,NF,13,10,14,12,9,15,5,5,83,NF,26,34,26,86,NF,25,35,22,82,NF,25,31,24,80,NF,25,31,25,81,NF,25,31,25,81,NF,24,32,24,80,NF,25,32,24,81,NF,25,32,24,81,NF,25,32,24,81,NF,25,32,24,81,NF,16,22,17,83,NF,26,33,24,83,NF,24,31,24,79,NF,17,25,17,59,PF,24,30,24,78,NF,25,32,25,82,NF
Costa Rica,F,F,F,F,F,F,F,F,F,F,F,F,F,F,F,F,F,F,F,F,F,1,1,2,2,4,3,1,2,16,F,2,2,2,2,4,3,6,0,21,F,1,2,2,2,4,3,0,4,18,F,2,3,2,2,4,3,0,0,16,F,2,3,2,2,4,3,0,0,16,F,2,3,2,2,4,3,0,0,16,F,2,3,2,2,4,3,0,0,16,F,2,3,2,2,4,3,0,0,16,F,7,4,6,17,F,4,5,5,14,F,7,7,5,19,F,5,7,7,19,F,5,6,7,18,F,7,7,6,20,F,6,7,6,19,F,6,7,6,19,F,6,7,6,19,F,5,7,6,18,F,5,8,6,19,F,5,7,6,18,F,5,7,6,18,F,4,7,6,17,F,4,7,6,17,F,4,6,6,16,F
Côte d'Ivoire,PF,NF,PF,NF,PF,NF,PF,NF,PF,NF,PF,NF,PF,NF,PF,NF,NF,NF,NF,PF,NF,10,6,7,6,10,7,4,11,61,NF,10,8,7,6,10,7,5,10,63,NF,10,8,7,6,4,7,12,20,74,NF,15,12,10,15,6,10,1,5,74,NF,15,12,10,15,6,10,1,5,74,NF,15,12,10,15,6,10,1,5,74,NF,15,13,13,13,5,10,0,5,74,NF,13,13,13,13,8,10,2,5,77,NF,22,25,19,66,NF,18,33,17,68,NF,19,29,17,65,NF,19,31,19,69,NF,18,28,19,65,NF,19,30,19,68,NF,20,27,19,66,NF,21,27,19,67,NF,21,26,19,66,NF,21,28,19,68,NF,20,31,19,70,NF,17,25,19,61,NF,15,21,19,55,PF,14,20,19,53,PF,14,19,18,51,PF,14,19,18,51,PF
Crimea,,,,,,,,,,,,,,,,,,,,,,,,,,,,,,,,,,,,,,,,,,,,,,,,,,,,,,,,,,,,,,,,,,,,,,,,,,,,,,,,,,,,,,,,,,,,,,,,,,,,,,,,,,,,,,,,,,,,,,,,,,,,,,,,,,,,,,,,,,,,,,,,,,,,,,,,,,,,,,,,,,,,,,,30,38,26,94,NF,30,38,26,94,NF,30,38,26,94,NF
Croatia,-,-,-,-,-,-,-,-,-,-,-,-,-,-,-,-,-,-,-,-,NF,9,9,10,6,2,8,3,9,56,PF,9,9,10,8,2,10,3,5,56,PF,9,9,8,8,2,10,7,5,58,PF,12,12,10,12,2,9,1,5,63,NF,12,12,10,12,2,9,1,5,63,NF,12,12,10,12,2,11,1,3,63,NF,12,12,10,12,2,11,0,4,63,NF,10,8,8,9,2,11,1,1,50,PF,8,12,13,33,PF,8,12,13,33,PF,11,12,14,37,PF,11,13,13,37,PF,10,15,14,39,PF,9,14,14,37,PF,9,13,14,36,PF,9,15,14,38,PF,9,16,15,40,PF,9,17,15,41,PF,9,16,15,40,PF,9,16,15,40,PF,9,16,15,40,PF,9,16,15,40,PF,9,18,15,42,PF,9,17,15,41,PF
Cuba,NF,NF,NF,NF,NF,NF,NF,NF,NF,NF,NF,NF,NF,NF,NF,NF,NF,NF,NF,NF,NF,10,10,10,10,10,10,18,18,96,NF,10,10,10,10,10,10,15,15,90,NF,10,10,10,10,10,10,15,15,90,NF,15,15,15,15,10,15,5,5,95,NF,15,15,15,15,10,15,5,5,95,NF,15,15,15,15,14,15,0,5,94,NF,15,15,15,15,14,15,0,5,94,NF,15,14,15,14,14,15,2,5,94,NF,26,40,30,96,NF,30,36,28,94,NF,30,38,28,96,NF,30,38,28,96,NF,30,39,27,96,NF,30,39,27,96,NF,30,36,28,94,NF,30,36,28,94,NF,30,35,28,93,NF,30,34,28,92,NF,29,34,28,91,NF,29,35,28,92,NF,28,34,28,90,NF,28,35,28,91,NF,28,35,28,91,NF,28,35,28,91,NF
Cyprus,F,PF,F,PF,F,PF,F,PF,F,PF,F,PF,F,PF,F,PF,F,F,F,F,F,2,2,5,2,2,3,7,7,30,F,2,2,5,2,2,3,5,3,24,F,2,2,5,2,2,3,0,0,16,F,2,2,5,2,2,3,0,2,18,F,2,2,5,2,2,3,0,2,18,F,2,2,5,2,2,3,0,0,16,F,2,2,5,2,2,3,0,0,16,F,2,2,5,3,2,3,0,1,18,F,2,8,8,18,F,4,6,8,18,F,4,6,8,18,F,5,10,7,22,F,5,9,8,22,F,5,9,8,22,F,5,9,8,22,F,5,9,8,22,F,5,9,8,22,F,5,9,8,22,F,5,9,8,22,F,6,10,9,25,F,5,11,9,25,F,5,11,9,25,F,5,10,9,24,F,4,10,9,23,F
Cyprus (Turkish),-,-,-,-,F,PF,F,PF,F,PF,F,PF,F,PF,F,PF,F,F,F,F,F,-,-,-,-,-,-,-,-,-,-,-,-,-,-,-,-,-,-,-,-,-,-,-,-,-,-,-,-,-,-,-,-,-,-,-,-,-,-,-,-,-,-,-,-,-,-,-,-,-,-,-,-,-,-,-,-,-,-,-,-,-,-,-,-,-,-,-,-,-,-,-,-,-,-,-,-,-,-,-,-,-,-,-,-,-,-,-,-,-,-,-,-,-,-,-,-,-,-,-,-,-,-,-,-,-,-,-,-,-,-,-,-,-,-,-,-,-,-,-,-,-,-,-,-,-,-,-,-,-,-,-,-,-,-,-,-,-,-,-,-,-,-,-,-,-,-,-,-,-,-,-,-,-,-,-,-,-,-,-,-
Czech Republic,-,-,-,-,-,-,-,-,-,-,-,-,-,-,-,-,-,-,-,-,-,3,2,3,3,1,4,2,2,20,F,3,3,4,4,1,4,1,1,21,F,3,3,4,4,1,4,0,0,19,F,3,3,4,4,1,4,0,0,19,F,3,3,4,4,1,4,0,0,19,F,3,3,4,4,1,4,1,0,20,F,3,3,4,4,1,4,1,0,20,F,3,3,5,4,3,3,1,2,24,F,10,6,9,25,F,9,5,9,23,F,6,10,7,23,F,6,9,7,22,F,5,8,7,20,F,4,7,7,18,F,4,7,7,18,F,4,7,7,18,F,4,7,7,18,F,4,8,7,19,F,4,8,7,19,F,4,8,7,19,F,4,8,8,20,F,4,8,9,21,F,4,8,9,21,F,4,8,9,21,F
Czechoslovakia,NF,NF,NF,NF,NF,NF,NF,NF,NF,NF,NF,NF,NF,NF,NF,NF,NF,PF,F,F,F,-,-,-,-,-,-,-,-,-,-,-,-,-,-,-,-,-,-,-,-,-,-,-,-,-,-,-,-,-,-,-,-,-,-,-,-,-,-,-,-,-,-,-,-,-,-,-,-,-,-,-,-,-,-,-,-,-,-,-,-,-,-,-,-,-,-,-,-,-,-,-,-,-,-,-,-,-,-,-,-,-,-,-,-,-,-,-,-,-,-,-,-,-,-,-,-,-,-,-,-,-,-,-,-,-,-,-,-,-,-,-,-,-,-,-,-,-,-,-,-,-,-,-,-,-,-,-,-,-,-,-,-,-,-,-,-,-,-,-,-,-,-,-,-,-,-,-,-,-,-,-,-,-,-,-,-,-,-,-,-
Denmark,F,F,F,F,F,F,F,F,F,F,F,F,F,F,F,F,F,F,F,F,F,1,1,1,1,4,1,1,1,11,F,1,1,1,1,4,1,0,0,9,F,1,1,1,1,4,1,0,0,9,F,1,1,1,1,4,1,0,0,9,F,1,1,1,1,4,1,0,0,9,F,1,1,1,1,4,1,0,0,9,F,1,1,1,1,4,1,0,0,9,F,1,1,1,1,4,1,0,0,9,F,1,1,7,9,F,1,3,7,11,F,1,1,6,8,F,2,3,5,10,F,2,3,5,10,F,2,4,5,11,F,2,3,5,10,F,2,4,5,11,F,2,4,5,11,F,2,6,5,13,F,2,5,5,12,F,2,5,5,12,F,2,5,5,12,F,2,5,5,12,F,2,6,4,12,F,2,6,4,12,F
Djibouti,-,-,-,-,-,-,-,-,-,-,-,-,-,-,-,-,-,-,-,-,-,5,5,8,8,5,5,17,18,71,NF,9,7,8,8,9,7,5,5,58,PF,9,7,8,8,9,7,2,2,52,PF,10,7,10,9,9,7,0,0,52,PF,15,7,15,9,9,7,0,0,62,NF,15,7,11,9,9,7,0,4,62,NF,15,7,11,9,9,7,1,4,63,NF,15,7,11,10,9,7,0,4,63,NF,26,23,18,67,NF,21,25,19,65,NF,21,25,20,66,NF,22,24,21,67,NF,23,25,21,69,NF,23,25,21,69,NF,24,25,23,72,NF,24,26,23,73,NF,24,26,23,73,NF,24,26,23,73,NF,24,27,23,74,NF,24,27,23,74,NF,24,28,23,75,NF,24,28,23,75,NF,24,28,23,75,NF,24,29,24,77,NF
Dominica,F,F,F,F,F,F,F,F,F,F,F,F,F,F,F,F,F,F,F,F,F,1,1,4,4,2,4,2,2,20,F,1,1,4,4,2,4,0,0,16,F,1,1,4,4,2,4,0,0,16,F,1,1,4,4,2,4,0,0,16,F,1,1,4,4,2,4,0,0,16,F,1,1,4,4,2,4,0,0,16,F,1,1,4,4,2,4,0,0,16,F,1,1,4,4,2,4,0,0,16,F,0,6,10,16,F,0,6,8,14,F,3,7,7,17,F,2,8,7,17,F,3,10,6,19,F,4,10,6,20,F,5,11,6,22,F,5,11,6,22,F,5,11,7,23,F,5,11,7,23,F,5,11,7,23,F,6,11,7,24,F,6,11,8,25,F,6,11,8,25,F,6,12,8,26,F,6,11,8,25,F
Dominican Republic,F,PF,F,PF,F,PF,F,PF,F,PF,F,PF,F,PF,F,PF,F,F,F,F,F,2,2,4,5,6,6,1,1,27,F,2,2,6,6,6,6,0,7,35,PF,2,2,6,6,6,6,0,10,38,PF,4,2,6,4,6,8,0,2,32,PF,4,2,6,4,6,8,0,0,30,F,4,2,6,4,6,8,0,0,30,F,4,2,6,4,6,8,0,0,30,F,4,2,6,4,6,8,0,0,30,F,5,12,13,30,F,5,10,18,33,PF,8,16,15,39,PF,7,16,15,38,PF,7,16,14,37,PF,8,18,14,40,PF,7,19,13,39,PF,8,19,13,40,PF,8,18,13,39,PF,7,20,13,40,PF,7,21,13,41,PF,7,20,13,40,PF,8,20,13,41,PF,8,21,13,42,PF,8,21,13,42,PF,8,21,13,42,PF
Ecuador,F,F,F,F,F,F,F,F,F,F,F,F,F,F,F,F,F,F,F,F,F,2,3,5,3,2,4,2,2,23,F,3,4,5,5,2,4,18,0,41,PF,3,4,5,5,2,4,15,0,38,PF,7,9,8,10,2,4,0,0,40,PF,7,9,8,10,2,4,0,0,40,PF,7,9,8,8,2,4,1,1,40,PF,7,9,9,9,3,5,1,1,44,PF,7,7,6,7,5,8,0,0,40,PF,15,10,15,40,PF,14,14,13,41,PF,12,18,12,42,PF,11,19,11,41,PF,13,18,10,41,PF,13,18,10,41,PF,14,17,10,41,PF,15,18,11,44,PF,16,20,11,47,PF,17,23,12,52,PF,20,24,14,58,PF,21,25,15,61,NF,22,25,15,62,NF,23,26,15,64,NF,23,27,16,66,NF,23,27,16,66,NF
Egypt,PF,NF,PF,NF,PF,NF,PF,NF,PF,NF,PF,PF,PF,PF,PF,PF,PF,PF,PF,PF,PF,5,6,10,9,9,9,10,17,75,NF,8,7,10,8,9,9,11,19,81,NF,8,10,10,9,9,9,10,15,80,NF,8,8,15,15,9,9,1,5,70,NF,8,8,15,15,9,9,0,5,69,NF,8,11,14,12,9,10,0,5,69,NF,8,11,14,12,9,10,0,5,69,NF,10,11,14,10,9,10,0,5,69,NF,26,28,23,77,NF,28,27,24,79,NF,26,28,22,76,NF,24,24,20,68,NF,22,21,18,61,NF,22,22,18,62,NF,21,20,18,59,PF,21,21,18,60,PF,21,21,18,60,PF,23,24,18,65,NF,20,22,15,57,PF,22,24,16,62,NF,22,30,16,68,NF,24,33,16,73,NF,25,35,17,77,NF,26,34,17,77,NF
El Salvador,PF,PF,PF,PF,PF,PF,PF,PF,PF,PF,PF,PF,PF,PF,PF,PF,PF,PF,PF,PF,PF,2,2,8,7,7,6,4,5,41,PF,2,2,6,7,7,6,0,2,32,PF,2,4,6,7,7,6,7,2,41,PF,4,9,9,12,7,6,5,1,53,PF,4,9,12,12,7,6,3,0,53,PF,4,9,12,12,7,6,3,0,53,PF,4,9,7,7,7,6,0,0,40,PF,4,5,7,7,7,7,0,0,37,PF,5,22,8,35,PF,9,18,11,38,PF,11,17,14,42,NF,11,16,14,41,PF,11,17,15,43,PF,10,18,14,42,PF,10,18,14,42,PF,10,18,14,42,PF,10,19,14,43,PF,11,17,14,42,PF,9,17,14,40,PF,10,17,14,41,PF,9,16,14,39,PF,9,16,14,39,PF,9,17,13,39,PF,10,18,13,41,PF
Equatorial Guinea,NF,NF,NF,NF,NF,NF,NF,NF,NF,NF,NF,NF,NF,NF,NF,NF,NF,NF,NF,NF,NF,5,5,9,10,5,5,19,18,76,NF,6,8,10,10,5,5,10,20,74,NF,9,9,10,10,5,5,10,20,78,NF,15,15,10,10,8,15,0,5,78,NF,15,15,10,10,8,15,0,5,78,NF,15,15,10,15,8,15,0,0,78,NF,15,15,10,15,8,15,0,0,78,NF,14,14,13,15,8,15,0,0,79,NF,26,29,25,80,NF,26,32,23,81,NF,26,35,28,89,NF,26,34,28,88,NF,27,34,27,88,NF,27,35,27,89,NF,27,35,27,89,NF,27,36,27,90,NF,27,36,27,90,NF,27,36,27,90,NF,27,37,27,91,NF,27,37,27,91,NF,27,36,27,90,NF,27,36,27,90,NF,27,36,28,91,NF,27,36,28,91,NF
Eritrea,-,-,-,-,-,-,-,-,-,-,-,-,-,-,-,-,-,-,-,-,-,10,10,10,10,5,5,20,20,80,NF,10,10,7,7,10,10,7,7,68,NF,10,10,7,7,10,10,7,7,68,NF,15,15,15,15,4,4,0,0,68,NF,15,15,15,15,4,4,0,1,69,NF,15,15,15,15,4,4,0,0,68,NF,15,15,15,15,4,4,0,0,68,NF,15,13,14,13,4,9,0,0,68,NF,26,33,20,79,NF,26,36,21,83,NF,28,38,23,89,NF,28,39,24,91,NF,28,39,24,91,NF,30,40,24,94,NF,30,40,24,94,NF,30,40,24,94,NF,30,40,24,94,NF,30,40,24,94,NF,30,40,24,94,NF,30,40,24,94,NF,30,40,24,94,NF,30,40,24,94,NF,30,40,24,94,NF,30,40,24,94,NF
Estonia,-,-,-,-,-,-,-,-,-,-,-,-,-,-,-,-,-,-,-,F,PF,2,3,5,3,2,7,3,3,28,F,2,3,5,5,2,7,0,1,25,F,2,3,5,5,2,7,0,0,24,F,2,3,3,3,2,7,0,2,22,F,2,3,3,3,2,7,0,0,20,F,2,3,3,3,2,7,0,0,20,F,2,3,3,3,2,7,0,0,20,F,2,3,3,3,2,7,0,0,20,F,2,5,11,18,F,7,4,6,17,F,6,5,6,17,F,5,6,6,17,F,5,5,6,16,F,5,5,6,16,F,4,6,6,16,F,4,5,6,15,F,4,6,7,17,F,5,6,7,18,F,5,6,7,18,F,5,4,7,16,F,5,4,7,16,F,5,4,7,16,F,5,4,7,16,F,5,4,7,16,F
Ethiopia,NF,NF,NF,NF,NF,NF,NF,NF,NF,NF,NF,NF,NF,NF,NF,NF,NF,NF,NF,NF,NF,10,9,8,9,10,8,3,16,73,NF,10,8,10,3,10,4,5,9,59,PF,10,8,10,5,10,4,0,10,57,PF,10,8,10,15,10,4,0,5,62,NF,10,8,10,15,10,4,0,5,62,NF,10,10,10,15,10,4,0,5,64,NF,10,10,8,15,10,4,0,5,62,NF,10,10,8,13,7,12,0,4,64,NF,23,20,18,61,NF,23,23,18,64,NF,24,23,19,66,NF,25,23,20,68,NF,27,28,20,75,NF,27,30,20,77,NF,27,30,19,76,NF,25,33,18,76,NF,27,33,18,78,NF,27,33,18,78,NF,28,35,18,81,NF,28,35,19,82,NF,27,35,19,81,NF,28,36,19,83,NF,28,36,19,83,NF,29,38,19,86,NF
Fiji,F,F,F,F,F,F,F,F,F,F,F,F,F,F,NF,NF,PF,PF,PF,PF,PF,4,5,7,8,7,7,9,8,55,PF,5,7,8,9,7,7,3,10,56,PF,5,8,8,9,7,7,3,10,57,PF,8,10,8,12,7,7,3,5,60,PF,8,10,8,12,7,7,3,5,60,PF,10,11,8,13,7,7,1,2,59,PF,10,11,7,10,7,7,2,4,58,PF,6,8,7,5,5,9,2,2,44,PF,8,11,14,33,PF,6,11,12,29,F,6,13,10,29,F,7,13,10,30,F,7,11,10,28,F,12,19,8,39,PF,11,18,8,37,PF,14,18,8,40,PF,16,27,11,54,PF,18,27,12,57,PF,18,27,13,58,PF,18,26,12,56,PF,18,24,12,54,PF,18,22,12,52,PF,16,20,12,48,PF,16,16,12,44,PF
Finland,F,PF,F,PF,F,PF,F,PF,F,PF,F,PF,F,PF,F,PF,F,F,F,F,F,1,1,5,2,3,3,1,1,17,F,1,1,5,2,3,3,0,0,15,F,1,1,5,2,3,3,0,0,15,F,1,1,5,2,3,3,0,0,15,F,1,1,5,2,3,3,0,0,15,F,1,1,5,2,3,3,0,0,15,F,1,1,4,2,3,3,1,0,15,F,1,1,4,2,3,3,0,0,14,F,1,3,6,10,F,1,2,7,10,F,2,2,5,9,F,2,3,4,9,F,2,3,4,9,F,2,3,4,9,F,2,3,4,9,F,3,3,4,10,F,3,3,4,10,F,3,3,4,10,F,3,3,4,10,F,4,3,4,11,F,4,3,4,11,F,4,3,4,11,F,4,3,4,11,F,4,4,4,12,F
France,F,PF,F,PF,F,PF,F,PF,F,PF,F,PF,F,PF,F,PF,F,F,F,F,F,1,1,6,2,2,5,1,1,19,F,1,1,6,3,2,5,0,9,27,F,1,1,6,3,2,5,10,2,30,F,1,1,7,5,3,6,1,2,26,F,1,1,7,5,3,6,0,3,26,F,1,1,7,5,3,6,1,3,27,F,1,1,6,4,3,6,1,2,24,F,1,1,6,4,3,6,0,0,21,F,2,5,10,17,F,5,7,5,17,F,4,10,5,19,F,4,9,7,20,F,5,9,7,21,F,5,9,7,21,F,6,9,7,22,F,6,9,7,22,F,6,10,7,23,F,6,10,7,23,F,6,11,7,24,F,5,10,7,22,F,5,10,7,22,F,5,11,7,23,F,6,15,7,28,F,6,13,7,26,F
Gabon,NF,NF,NF,NF,NF,NF,NF,NF,NF,NF,NF,NF,NF,NF,NF,NF,NF,NF,PF,PF,PF,3,8,7,4,4,4,14,14,58,PF,8,6,8,4,4,4,13,5,52,PF,9,6,9,4,4,4,5,8,49,PF,10,7,13,6,4,4,2,4,50,PF,10,7,15,6,6,4,2,0,50,PF,10,7,15,7,6,4,2,1,52,PF,10,7,15,7,6,4,4,2,55,PF,10,7,10,7,10,10,0,1,55,PF,26,11,15,52,PF,20,20,18,58,PF,22,20,20,62,NF,24,21,21,66,NF,24,23,20,67,NF,24,23,22,69,NF,24,23,22,69,NF,24,23,22,69,NF,24,25,22,71,NF,24,23,22,69,NF,24,24,22,70,NF,24,25,22,71,NF,24,24,22,70,NF,24,24,22,70,NF,24,22,22,68,NF,24,25,22,71,NF
Georgia,-,-,-,-,-,-,-,-,-,-,-,-,-,-,-,-,-,-,-,-,PF,10,10,10,8,10,8,2,15,73,NF,5,5,8,8,8,10,10,16,70,NF,6,8,8,8,8,10,10,10,68,NF,8,8,12,7,8,10,2,0,55,PF,8,8,12,7,8,10,2,1,56,PF,8,8,12,7,8,10,0,4,57,PF,6,6,10,7,8,10,0,0,47,PF,7,7,10,7,8,10,3,1,53,PF,20,18,15,53,PF,18,21,15,54,PF,16,23,15,54,PF,14,26,16,56,PF,13,26,17,56,PF,13,27,17,57,PF,14,28,18,60,PF,14,29,17,60,PF,15,26,18,59,PF,14,22,19,55,PF,13,21,18,52,PF,12,20,17,49,PF,12,19,16,47,PF,12,20,16,48,PF,13,20,16,49,PF,13,21,16,50,PF
Germany,-,-,-,-,-,-,-,-,-,-,-,-,-,-,-,-,-,-,F,F,F,1,1,1,1,1,2,2,2,11,F,2,2,2,2,1,2,3,4,18,F,2,2,2,2,1,2,0,10,21,F,2,2,2,2,1,2,0,0,11,F,2,2,2,2,1,2,0,0,11,F,3,3,2,2,1,2,0,0,13,F,3,3,2,2,1,2,0,0,13,F,3,3,2,2,1,2,0,0,13,F,2,8,5,15,F,2,6,7,15,F,5,6,5,16,F,5,6,5,16,F,5,6,5,16,F,6,6,4,16,F,6,6,4,16,F,6,6,4,16,F,6,7,4,17,F,6,7,4,17,F,6,7,4,17,F,6,7,4,17,F,6,7,4,17,F,6,8,4,18,F,6,10,4,20,F,6,10,4,20,F
"Germany, East",NF,NF,NF,NF,NF,NF,NF,NF,NF,NF,NF,NF,NF,NF,NF,NF,NF,PF,-,-,-,-,-,-,-,-,-,-,-,-,-,-,-,-,-,-,-,-,-,-,-,-,-,-,-,-,-,-,-,-,-,-,-,-,-,-,-,-,-,-,-,-,-,-,-,-,-,-,-,-,-,-,-,-,-,-,-,-,-,-,-,-,-,-,-,-,-,-,-,-,-,-,-,-,-,-,-,-,-,-,-,-,-,-,-,-,-,-,-,-,-,-,-,-,-,-,-,-,-,-,-,-,-,-,-,-,-,-,-,-,-,-,-,-,-,-,-,-,-,-,-,-,-,-,-,-,-,-,-,-,-,-,-,-,-,-,-,-,-,-,-,-,-,-,-,-,-,-,-,-,-,-,-,-,-,-,-,-,-,-,-
"Germany, West",F,F,F,F,F,F,F,F,F,F,F,F,F,F,F,F,F,F,-,-,-,-,-,-,-,-,-,-,-,-,-,-,-,-,-,-,-,-,-,-,-,-,-,-,-,-,-,-,-,-,-,-,-,-,-,-,-,-,-,-,-,-,-,-,-,-,-,-,-,-,-,-,-,-,-,-,-,-,-,-,-,-,-,-,-,-,-,-,-,-,-,-,-,-,-,-,-,-,-,-,-,-,-,-,-,-,-,-,-,-,-,-,-,-,-,-,-,-,-,-,-,-,-,-,-,-,-,-,-,-,-,-,-,-,-,-,-,-,-,-,-,-,-,-,-,-,-,-,-,-,-,-,-,-,-,-,-,-,-,-,-,-,-,-,-,-,-,-,-,-,-,-,-,-,-,-,-,-,-,-,-
Ghana,PF,PF,PF,PF,PF,PF,NF,NF,NF,NF,NF,NF,NF,NF,NF,NF,NF,NF,NF,NF,PF,4,7,8,8,10,10,6,10,63,NF,4,7,8,8,10,9,6,10,62,NF,4,7,8,8,10,9,8,8,62,NF,6,13,11,10,6,9,0,4,59,PF,6,13,11,10,6,9,0,5,60,PF,6,13,11,10,6,9,1,5,61,NF,7,13,11,10,6,9,0,5,61,NF,7,12,9,7,6,9,1,4,55,PF,4,12,11,27,F,7,11,12,30,F,9,9,10,28,F,8,9,9,26,F,9,10,9,28,F,8,9,9,26,F,8,10,9,27,F,8,9,9,26,F,8,9,9,26,F,8,9,9,26,F,8,10,10,28,F,8,10,10,28,F,8,10,10,28,F,8,10,10,28,F,8,12,11,31,PF,9,13,11,33,PF
Greece,F,F,F,F,F,F,F,F,F,F,F,PF,F,PF,F,PF,F,F,F,F,F,2,5,2,2,2,2,7,8,30,F,3,5,3,3,2,2,4,4,26,F,3,5,3,3,2,2,3,8,29,F,5,8,4,4,3,3,0,0,27,F,5,8,4,4,3,3,0,3,30,F,5,5,5,5,3,3,2,2,30,F,5,5,5,5,1,3,1,5,30,F,5,5,5,5,1,3,1,5,30,F,16,6,8,30,F,14,6,8,28,F,8,14,6,28,F,8,14,6,28,F,8,14,6,28,F,8,12,5,25,F,9,13,5,27,F,9,14,6,29,F,9,14,6,29,F,9,15,6,30,F,9,15,6,30,F,12,19,10,41,PF,14,20,12,46,PF,16,21,14,51,PF,15,20,13,48,PF,13,18,13,44,PF
Grenada,NF,NF,NF,NF,NF,NF,NF,NF,F,PF,F,PF,F,PF,F,PF,F,F,F,F,F,2,2,3,1,5,5,2,2,22,F,2,2,3,1,5,7,0,0,20,F,2,2,3,1,5,7,0,0,20,F,2,2,4,1,5,6,0,0,20,F,2,2,4,1,5,6,0,0,20,F,2,2,4,1,5,6,0,0,20,F,2,2,4,1,5,6,0,0,20,F,2,2,4,1,5,6,0,0,20,F,4,3,9,16,F,5,3,6,14,F,6,5,5,16,F,5,10,5,20,F,7,10,6,23,F,8,9,6,23,F,8,11,5,24,F,8,11,5,24,F,8,11,5,24,F,8,11,5,24,F,8,11,5,24,F,7,11,5,23,F,8,11,5,24,F,7,11,5,23,F,8,11,5,24,F,9,12,5,26,F
Guatemala,PF,PF,PF,PF,PF,PF,PF,NF,PF,NF,PF,PF,PF,PF,PF,PF,PF,PF,PF,PF,PF,5,4,4,4,4,4,14,15,59,PF,5,4,7,7,4,4,13,16,60,PF,5,4,7,7,4,4,10,15,56,PF,8,6,11,12,6,6,2,5,56,PF,8,6,11,12,6,6,5,5,59,PF,8,6,11,12,6,7,5,5,60,PF,8,6,10,9,6,7,3,5,54,PF,7,6,10,9,6,7,1,3,49,PF,16,27,6,49,PF,16,30,12,58,PF,17,30,15,62,NF,17,26,15,58,PF,17,25,16,58,PF,17,26,16,59,PF,17,25,16,58,PF,16,26,18,60,PF,16,26,18,60,PF,16,25,18,59,PF,16,26,18,60,PF,16,25,18,59,PF,17,25,18,60,PF,18,24,18,60,PF,18,23,17,58,PF,18,23,17,58,PF
Guinea,NF,NF,NF,NF,NF,NF,NF,NF,NF,NF,NF,NF,NF,NF,NF,NF,NF,NF,NF,NF,PF,10,10,9,7,5,5,15,2,63,NF,10,10,9,7,6,8,11,5,66,NF,10,10,9,8,6,8,0,10,61,NF,15,15,9,9,6,7,0,2,63,NF,15,15,15,9,6,7,0,2,69,NF,15,15,15,9,6,7,0,4,71,NF,15,15,15,9,6,7,0,4,71,NF,15,12,15,10,6,10,0,3,71,NF,26,26,22,74,NF,25,30,19,74,NF,24,29,18,71,NF,25,30,18,73,NF,23,28,16,67,NF,22,29,16,67,NF,21,29,16,66,NF,22,27,17,66,NF,24,30,17,71,NF,17,25,17,59,PF,18,27,17,62,NF,18,27,17,62,NF,19,28,17,64,NF,19,28,17,64,NF,19,29,17,65,NF,20,29,17,66,NF
Guinea-Bissau,NF,NF,NF,NF,NF,NF,NF,NF,NF,NF,NF,NF,NF,NF,NF,NF,NF,NF,NF,PF,PF,3,3,7,7,10,8,5,5,48,PF,3,3,8,7,10,8,4,7,50,PF,3,3,8,7,10,8,5,5,49,PF,5,5,12,7,10,8,5,5,57,PF,5,5,14,10,10,12,0,1,57,PF,5,5,14,10,10,12,0,1,57,PF,5,5,14,10,10,12,0,0,56,PF,5,5,14,10,10,12,0,0,56,PF,15,23,18,56,PF,15,27,18,60,PF,17,27,19,63,NF,15,23,17,55,PF,13,17,17,47,PF,14,19,15,48,PF,15,23,15,53,PF,15,22,15,52,PF,15,24,15,54,PF,15,25,17,57,PF,15,25,17,57,PF,19,29,17,65,NF,19,29,19,67,NF,17,24,18,59,PF,18,24,18,60,PF,17,24,18,59,PF
Guyana,PF,PF,PF,PF,PF,PF,PF,NF,PF,NF,PF,NF,PF,NF,PF,NF,NF,NF,NF,PF,PF,3,3,8,7,2,7,5,6,41,PF,2,2,7,6,2,7,1,1,28,F,2,2,7,6,2,7,0,0,26,F,2,2,7,6,2,7,0,0,26,F,2,2,7,4,2,5,0,0,22,F,2,2,7,4,2,5,0,0,22,F,2,2,7,4,2,5,0,0,22,F,3,2,7,3,2,5,0,0,22,F,5,5,13,23,F,5,5,11,21,F,4,8,8,20,F,4,9,10,23,F,6,12,9,27,F,7,13,9,29,F,6,14,11,31,PF,7,13,10,30,F,7,13,10,30,F,7,13,10,30,F,8,15,10,33,PF,9,14,10,33,PF,10,13,11,34,PF,11,14,11,36,PF,11,14,11,36,PF,11,16,11,38,PF
Haiti,PF,PF,NF,NF,NF,NF,NF,NF,NF,NF,NF,NF,F,F,PF,NF,NF,NF,NF,NF,NF,10,8,10,8,10,10,17,14,87,NF,8,5,8,5,7,7,5,6,51,PF,7,5,8,5,7,7,15,5,59,PF,10,7,13,5,7,7,5,5,59,PF,10,7,13,7,7,7,5,3,59,PF,10,7,13,7,7,7,5,2,58,PF,10,7,13,7,8,8,5,0,58,PF,10,7,13,7,6,10,5,1,59,PF,17,36,19,72,NF,17,39,23,79,NF,19,39,21,79,NF,19,28,19,66,NF,19,30,19,68,NF,16,24,19,59,PF,15,23,18,56,PF,15,20,18,53,PF,15,17,17,49,PF,14,17,18,49,PF,14,18,18,50,PF,14,17,18,49,PF,14,18,18,50,PF,15,17,18,50,PF,16,18,18,52,PF,17,17,18,52,PF
Honduras,F,F,F,F,F,F,F,F,F,F,F,F,F,F,F,F,PF,PF,PF,F,F,3,2,10,10,4,3,15,8,55,PF,3,2,10,10,4,3,5,8,45,PF,3,2,10,10,4,5,0,0,34,PF,4,3,12,12,4,5,4,3,47,PF,5,5,12,12,4,9,0,0,47,PF,5,6,12,12,4,9,0,0,48,PF,5,6,12,12,4,9,0,0,48,PF,5,6,10,8,4,10,1,1,45,PF,14,17,12,43,PF,16,19,16,51,PF,14,22,16,52,PF,14,22,15,51,PF,16,22,14,52,PF,15,22,14,51,PF,15,22,14,51,PF,15,23,14,52,PF,17,27,15,59,PF,16,30,15,61,NF,17,30,15,62,NF,17,30,15,62,NF,18,31,15,64,NF,19,34,15,68,NF,18,34,15,67,NF,18,33,15,66,NF
Hong Kong,-,-,-,-,-,-,-,-,-,-,-,-,-,-,-,-,-,-,-,-,-,2,2,8,8,1,4,2,3,30,F,2,2,8,8,3,5,1,1,30,F,2,2,9,9,3,5,0,0,30,F,2,2,12,9,6,8,0,2,41,PF,-,-,-,-,-,-,-,-,-,-,-,-,-,-,-,-,-,-,-,-,-,-,-,-,-,-,-,-,-,-,-,-,-,-,-,-,-,-,-,-,-,-,-,-,-,-,-,-,-,-,-,-,-,-,-,11,9,8,28,F,11,10,8,29,F,11,11,8,30,F,11,10,9,30,F,12,11,10,33,PF,12,12,9,33,PF,11,12,9,32,PF,11,13,9,33,PF,11,15,9,35,PF,12,16,9,37,PF,13,18,10,41,PF,13,17,9,39,PF,13,20,9,42,PF
Hungary,NF,NF,NF,NF,NF,NF,NF,NF,NF,NF,NF,NF,NF,NF,NF,NF,NF,PF,F,F,F,2,2,7,6,2,5,4,2,30,F,2,2,8,7,6,6,6,1,38,PF,2,2,8,7,2,8,0,5,34,PF,3,2,9,6,2,9,0,0,31,PF,3,2,6,6,2,9,0,0,28,F,3,2,6,6,2,9,0,0,28,F,3,2,6,6,2,5,1,5,30,F,4,4,6,6,2,4,1,1,28,F,2,8,13,23,F,4,10,9,23,F,4,8,8,20,F,5,8,8,21,F,5,8,8,21,F,5,8,8,21,F,5,9,7,21,F,5,9,7,21,F,7,9,7,23,F,10,11,9,30,F,12,13,11,36,PF,12,13,11,36,PF,11,13,11,35,PF,11,14,12,37,PF,12,15,13,40,PF,12,17,15,44,PF
Iceland,F,F,F,F,F,F,F,F,F,F,F,F,F,F,F,F,F,F,F,F,F,1,1,1,1,3,5,1,1,14,F,1,1,1,1,3,5,0,0,12,F,1,1,1,1,3,5,0,0,12,F,1,1,1,1,3,5,0,0,12,F,1,1,1,1,3,5,0,0,12,F,1,1,1,1,3,5,0,0,12,F,1,1,1,1,3,5,0,0,12,F,1,1,1,1,3,5,0,0,12,F,0,2,6,8,F,1,2,5,8,F,1,3,4,8,F,1,4,4,9,F,1,4,4,9,F,1,4,4,9,F,1,4,4,9,F,1,4,4,9,F,1,5,4,10,F,1,5,6,12,F,3,5,6,14,F,3,5,6,14,F,3,4,5,12,F,4,6,6,16,F,4,5,6,15,F,4,5,6,15,F
India,F,PF,F,PF,F,PF,F,PF,F,PF,F,PF,F,PF,F,PF,F,F,F,F,F,2,2,8,3,3,8,4,8,38,PF,2,2,8,3,3,8,11,12,49,PF,2,2,8,3,3,8,2,20,48,PF,2,2,12,5,3,8,3,5,40,PF,2,2,12,5,3,8,2,3,37,PF,2,2,12,5,3,8,2,3,37,PF,2,2,12,5,3,8,5,5,42,PF,7,3,9,5,3,8,2,5,42,PF,15,16,11,42,PF,13,20,12,45,PF,11,17,13,41,PF,10,17,11,38,PF,10,16,11,37,PF,9,16,10,35,PF,10,16,9,35,PF,10,17,9,36,PF,9,15,9,33,PF,9,17,9,35,PF,9,19,9,37,PF,10,19,9,38,PF,10,20,9,39,PF,11,20,9,40,PF,11,21,9,41,PF,11,22,10,43,PF
Indonesia,PF,NF,PF,NF,PF,NF,PF,NF,PF,NF,PF,NF,PF,NF,PF,NF,NF,NF,NF,PF,PF,4,4,10,9,3,8,8,12,58,PF,4,4,10,10,3,8,12,20,71,NF,8,8,10,10,3,10,5,20,74,NF,12,10,15,15,3,12,5,5,77,NF,12,10,15,15,3,12,5,5,77,NF,12,10,5,5,3,12,3,3,53,PF,10,9,5,5,3,9,3,5,49,PF,8,7,5,5,6,10,3,3,47,PF,19,25,9,53,PF,19,25,12,56,PF,19,24,12,55,PF,20,23,15,58,PF,21,23,14,58,PF,17,22,15,54,PF,17,22,15,54,PF,18,21,15,54,PF,18,19,15,52,PF,18,20,15,53,PF,16,18,15,49,PF,16,18,15,49,PF,16,18,15,49,PF,16,18,15,49,PF,16,18,15,49,PF,16,18,15,49,PF
Iran,PF,PF,PF,PF,NF,NF,NF,NF,NF,NF,NF,NF,NF,NF,NF,NF,NF,NF,NF,NF,NF,7,7,10,10,10,10,10,17,81,NF,8,7,10,10,10,10,10,18,83,NF,10,10,10,10,10,10,0,20,80,NF,10,15,15,15,10,10,0,5,80,NF,10,15,15,13,10,10,0,5,78,NF,10,14,14,13,10,10,0,5,76,NF,10,12,15,10,8,8,0,5,68,NF,15,13,15,12,4,8,0,5,72,NF,26,29,20,75,NF,25,32,19,76,NF,27,32,20,79,NF,28,33,19,80,NF,28,36,20,84,NF,29,34,21,84,NF,29,34,22,85,NF,29,34,22,85,NF,30,36,23,89,NF,30,37,24,91,NF,30,38,24,92,NF,30,38,24,92,NF,30,36,24,90,NF,30,36,24,90,NF,30,36,24,90,NF,30,36,24,90,NF
Iraq,NF,NF,NF,NF,NF,NF,NF,NF,NF,NF,NF,NF,NF,NF,NF,NF,NF,NF,NF,NF,NF,10,10,10,10,10,10,20,19,99,NF,10,10,10,10,10,10,20,20,100,NF,10,10,10,10,10,10,20,20,100,NF,15,15,15,15,15,15,5,5,100,NF,15,15,15,15,15,15,5,5,100,NF,15,15,14,14,15,15,5,5,98,NF,15,15,14,14,15,15,5,5,98,NF,15,15,15,15,15,15,5,5,100,NF,30,40,26,96,NF,29,39,27,95,NF,22,29,15,66,NF,23,31,16,70,NF,22,33,16,71,NF,22,32,16,70,NF,22,31,16,69,NF,21,30,16,67,NF,22,27,16,65,NF,23,29,16,68,NF,23,30,16,69,NF,23,28,16,67,NF,23,30,16,69,NF,23,33,16,72,NF,23,32,16,71,NF,23,32,16,71,NF
Ireland,F,F,F,F,F,F,F,F,F,F,F,F,F,F,F,F,F,F,F,F,F,2,1,3,2,2,3,2,1,16,F,2,1,3,2,2,3,1,1,15,F,3,2,3,2,2,3,0,4,18,F,3,2,3,4,2,3,0,2,19,F,3,4,3,4,2,5,0,0,21,F,3,3,3,3,2,6,0,0,20,F,3,3,3,3,2,6,0,1,21,F,3,3,2,3,2,5,0,0,18,F,5,4,7,16,F,5,6,5,16,F,3,7,6,16,F,3,7,5,15,F,3,7,5,15,F,4,7,5,16,F,4,6,5,15,F,4,6,5,15,F,4,6,5,15,F,5,6,5,16,F,4,6,6,16,F,5,6,5,16,F,5,6,5,16,F,5,6,5,16,F,5,6,6,17,F,6,6,6,18,F
Israel,F,F,F,F,F,F,F,F,F,F,F,F,F,F,F,F,F,F,F,F,F,4,5,3,2,1,2,3,10,30,F,3,4,3,2,1,2,5,10,30,F,2,2,3,1,1,1,5,15,30,F,3,6,2,4,2,2,4,5,28,F,3,8,2,6,2,2,0,5,28,F,3,8,2,6,2,2,1,4,28,F,3,8,2,6,2,2,2,5,30,F,4,7,4,6,2,2,1,4,30,F,6,16,8,30,F,7,12,8,27,F,5,14,9,28,F,5,13,10,28,F,5,13,10,28,F,6,13,10,29,F,6,14,8,28,F,7,16,8,31,PF,7,14,8,29,F,7,15,7,29,F,7,15,8,30,F,7,15,9,31,PF,7,14,9,30,F,7,14,9,30,F,7,14,11,32,PF,8,14,11,33,PF
Israeli-Occupied Territories and Palestinian Authority,-,-,-,-,-,-,-,-,-,-,-,-,-,-,-,-,-,-,-,-,-,-,-,-,-,-,-,-,-,-,NF,10,10,10,10,10,10,17,17,94,NF,8,10,8,8,0,8,0,16,58,PF,12,12,12,12,0,8,2,5,63,NF,12,12,12,12,0,8,4,5,65,NF,12,12,12,12,0,8,4,5,65,NF,12,12,12,12,0,8,5,4,65,NF,12,10,13,13,2,10,5,5,70,NF,26,36,22,84,NF,30,38,18,86,NF,29,37,20,86,NF,28,36,20,84,NF,28,36,22,86,NF,28,34,22,84,NF,28,34,22,84,NF,28,36,22,86,NF,28,34,22,84,NF,28,33,22,83,NF,-,-,-,-,-,-,-,-,-,-,-,-,-,-,-,-,-,-,-,-,-,-,-,-,-,-,-,-,-,-
Italy,F,F,F,F,F,F,F,F,F,F,F,F,F,F,F,F,F,F,F,F,F,1,1,5,5,3,7,2,1,25,F,1,1,6,5,5,7,0,5,30,F,1,1,6,5,5,5,3,4,30,F,1,1,8,5,6,6,0,0,27,F,1,1,8,5,6,6,0,0,27,F,1,1,8,5,6,6,0,1,28,F,1,1,8,5,6,6,0,0,27,F,1,1,7,5,6,6,0,1,27,F,2,11,14,27,F,8,6,14,28,F,11,13,9,33,PF,9,13,13,35,PF,9,13,13,35,PF,9,11,9,29,F,10,10,9,29,F,11,11,10,32,PF,11,12,10,33,PF,11,13,10,34,PF,12,12,9,33,PF,12,11,10,33,PF,12,10,9,31,PF,12,10,9,31,PF,12,10,9,31,PF,12,10,9,31,PF
Jamaica,F,NF,F,NF,F,PF,F,PF,F,PF,F,PF,F,PF,F,PF,F,F,F,F,F,4,4,4,1,4,3,2,1,23,F,4,2,4,1,4,3,0,0,18,F,1,1,2,4,0,3,0,0,11,F,1,1,2,4,0,3,0,0,11,F,1,1,2,4,0,3,0,0,11,F,1,1,2,4,0,3,0,0,11,F,1,1,2,4,0,3,0,0,11,F,1,1,2,2,2,3,0,0,11,F,3,8,6,17,F,3,11,6,20,F,4,7,6,17,F,4,5,6,15,F,3,7,7,17,F,3,6,6,15,F,3,6,6,15,F,3,6,6,15,F,3,7,6,16,F,3,9,6,18,F,3,9,6,18,F,4,8,6,18,F,3,8,6,17,F,3,8,6,17,F,3,8,7,18,F,3,9,7,19,F
Japan,F,F,F,F,F,F,F,F,F,F,F,F,F,F,F,F,F,F,F,F,F,1,3,4,4,2,5,1,1,21,F,1,3,4,4,2,5,0,1,20,F,1,1,6,6,0,5,1,1,21,F,1,1,6,6,0,5,0,1,20,F,1,1,6,6,0,5,0,0,19,F,1,1,6,6,0,5,0,0,19,F,1,1,6,6,0,5,0,0,19,F,1,1,5,6,5,5,0,0,23,F,1,7,9,17,F,2,7,8,17,F,3,9,6,18,F,2,12,6,20,F,2,12,6,20,F,2,13,6,21,F,2,13,6,21,F,2,13,6,21,F,2,13,6,21,F,2,13,6,21,F,2,14,6,22,F,4,14,6,24,F,5,14,6,25,F,5,14,6,25,F,5,15,6,26,F,5,16,6,27,F
Jordan,NF,NF,NF,NF,NF,NF,NF,NF,NF,NF,NF,NF,NF,NF,NF,NF,NF,NF,NF,NF,PF,5,5,10,7,3,8,6,8,52,PF,6,6,10,7,7,8,0,4,48,PF,8,8,8,8,6,4,0,3,45,PF,8,7,8,10,6,4,0,5,48,PF,14,13,8,10,6,4,0,5,60,PF,14,14,10,11,6,4,1,5,65,NF,12,12,10,9,6,4,0,4,57,PF,13,10,12,9,4,8,0,4,60,PF,29,20,11,60,PF,29,21,15,65,NF,23,22,18,63,NF,22,22,18,62,NF,21,22,18,61,NF,21,22,18,61,NF,21,24,18,63,NF,21,24,19,64,NF,20,24,19,63,NF,20,24,19,63,NF,21,23,19,63,NF,21,23,19,63,NF,22,26,20,68,NF,22,24,20,66,NF,22,24,20,66,NF,22,26,20,68,NF
Kazakhstan,-,-,-,-,-,-,-,-,-,-,-,-,-,-,-,-,-,-,-,-,PF,8,8,9,8,6,6,5,10,60,PF,8,8,10,9,8,8,5,5,61,NF,7,7,10,8,8,10,0,12,62,NF,10,10,12,8,8,10,4,2,64,NF,10,13,12,10,8,10,0,3,66,NF,10,13,13,10,8,11,3,0,68,NF,10,13,13,10,8,1,2,1,68,NF,13,13,13,10,8,8,3,2,70,NF,24,22,23,69,NF,24,27,22,73,NF,25,27,22,74,NF,25,28,22,75,NF,25,28,22,75,NF,26,28,22,76,NF,26,30,22,78,NF,26,30,22,78,NF,26,30,22,78,NF,28,29,23,80,NF,28,30,23,81,NF,29,32,23,84,NF,29,33,23,85,NF,29,33,23,85,NF,28,33,23,84,NF,28,34,23,85,NF
Kenya,PF,NF,PF,NF,PF,NF,PF,NF,PF,NF,PF,NF,PF,NF,NF,NF,NF,NF,NF,NF,PF,8,8,8,8,4,4,5,15,60,PF,8,4,7,7,2,2,9,13,52,PF,6,8,8,10,5,5,0,20,62,NF,9,12,12,11,5,5,0,5,59,PF,9,12,12,13,5,7,0,5,63,NF,9,12,14,13,5,7,5,5,70,NF,10,12,15,15,5,7,1,5,70,NF,10,10,15,12,7,10,1,5,70,NF,24,21,22,67,NF,24,24,20,68,NF,20,21,19,60,PF,21,21,19,61,NF,20,20,18,58,PF,20,21,18,59,PF,21,21,18,60,PF,21,21,18,60,PF,21,19,17,57,PF,19,18,17,54,PF,16,19,17,52,PF,16,20,17,53,PF,17,23,17,57,PF,17,23,17,57,PF,17,24,17,58,PF,17,24,17,58,PF
Kiribati,-,-,-,-,-,-,-,-,-,-,-,-,-,-,-,-,-,-,-,-,-,1,1,10,10,1,1,1,1,26,F,2,2,9,9,1,1,0,0,24,F,4,4,5,5,0,0,0,0,18,F,4,4,5,5,0,0,0,0,18,F,4,4,5,4,0,0,0,0,17,F,4,4,5,4,0,0,0,0,17,F,4,4,5,4,0,0,0,0,17,F,6,3,4,4,1,3,0,1,22,F,4,2,15,21,F,6,4,16,26,F,5,8,14,27,F,4,8,14,26,F,5,9,14,28,F,5,8,13,26,F,5,8,13,26,F,6,8,13,27,F,6,8,13,27,F,6,8,13,27,F,6,8,13,27,F,6,9,12,27,F,6,9,14,29,F,6,9,14,29,F,6,10,14,30,F,6,10,14,30,F
Kosovo,-,-,-,-,-,-,-,-,-,-,-,-,-,-,-,-,-,-,-,-,-,-,-,-,-,-,-,-,-,-,-,-,-,-,-,-,-,-,-,-,-,-,-,-,-,-,-,-,-,-,-,-,-,-,-,-,-,-,-,-,-,-,-,-,-,-,-,-,-,-,-,-,-,-,-,-,-,-,-,-,-,-,-,-,-,-,-,-,-,-,-,-,-,-,-,-,-,-,-,-,-,-,-,-,-,-,-,-,-,-,-,-,-,-,-,-,-,-,-,-,-,-,-,-,-,-,-,-,-,-,-,-,-,-,-,-,0,0,0,0,0,15,20,18,53,PF,14,19,18,51,PF,14,18,17,49,PF,14,18,17,49,PF,14,18,17,49,PF,14,18,17,49,PF,14,18,17,49,PF,13,19,16,48,PF
Kuwait,PF,NF,PF,NF,PF,NF,PF,NF,PF,NF,PF,NF,PF,NF,PF,NF,NF,NF,NF,NF,NF,5,5,10,9,8,10,5,15,67,NF,6,6,10,9,8,10,5,16,70,NF,7,7,8,8,0,4,0,8,42,PF,9,9,11,11,0,4,0,0,44,PF,9,9,11,11,0,4,0,0,44,PF,9,9,11,11,0,4,0,1,45,PF,9,9,11,11,0,4,1,3,48,PF,13,8,14,8,0,4,0,1,48,PF,22,19,8,49,PF,19,22,13,54,PF,19,22,16,57,PF,20,22,16,58,PF,20,20,16,56,PF,19,21,16,56,PF,18,21,15,54,PF,18,21,16,55,PF,18,21,16,55,PF,19,22,16,57,PF,19,22,16,57,PF,20,23,16,59,PF,20,23,16,59,PF,20,23,16,59,PF,20,23,16,59,PF,21,23,16,60,PF
Kyrgyzstan,-,-,-,-,-,-,-,-,-,-,-,-,-,-,-,-,-,-,-,-,PF,6,6,9,7,3,8,3,7,49,PF,6,6,9,9,5,8,3,6,52,PF,10,10,10,10,0,8,0,12,60,PF,12,12,11,13,0,11,0,2,61,NF,12,12,11,13,0,11,0,5,64,NF,12,12,11,13,0,11,0,5,64,NF,12,12,11,13,0,11,0,2,61,NF,10,10,10,12,3,11,2,3,61,NF,24,22,22,68,NF,23,26,22,71,NF,23,27,21,71,NF,23,27,21,71,NF,22,22,20,64,NF,22,25,20,67,NF,22,28,20,70,NF,23,29,20,72,NF,23,30,20,73,NF,21,29,20,70,NF,20,29,20,69,NF,20,29,20,69,NF,19,27,20,66,NF,20,27,20,67,NF,20,27,20,67,NF,20,27,20,67,NF
Laos,NF,NF,NF,NF,NF,NF,NF,NF,NF,NF,NF,NF,NF,NF,NF,NF,NF,NF,NF,NF,NF,9,9,10,10,10,10,5,7,70,NF,9,9,10,10,10,10,5,5,68,NF,10,10,10,10,10,10,0,2,62,NF,11,11,10,10,10,10,0,0,62,NF,13,13,10,10,10,10,0,0,66,NF,13,13,10,10,10,10,0,0,66,NF,13,13,10,10,10,10,0,0,66,NF,13,13,13,13,6,10,1,0,69,NF,26,34,22,82,NF,26,31,23,80,NF,28,31,23,82,NF,28,32,23,83,NF,26,31,24,81,NF,26,31,24,81,NF,26,32,25,83,NF,27,33,26,86,NF,26,33,25,84,NF,26,33,26,85,NF,26,33,25,84,NF,26,33,25,84,NF,26,33,25,84,NF,26,33,25,84,NF,26,33,25,84,NF,26,34,25,85,NF
Latvia,-,-,-,-,-,-,-,-,-,-,-,-,-,-,-,-,-,-,-,F,PF,2,2,4,7,3,7,2,2,29,F,1,1,4,7,4,8,0,4,29,F,1,0,3,4,4,7,0,2,21,F,1,0,5,4,4,7,0,0,21,F,1,0,5,4,4,7,0,0,21,F,1,1,5,4,4,6,0,0,21,F,2,2,5,4,4,6,0,1,24,F,2,2,5,4,4,6,0,1,24,F,2,7,10,19,F,7,5,6,18,F,7,4,6,17,F,5,6,6,17,F,6,7,6,19,F,6,6,7,19,F,6,8,8,22,F,6,8,9,23,F,6,10,10,26,F,6,11,9,26,F,6,12,9,27,F,6,12,10,28,F,6,11,10,27,F,7,10,11,28,F,7,10,11,28,F,7,8,11,26,F
Lebanon,PF,PF,PF,PF,PF,PF,PF,PF,PF,PF,PF,PF,PF,PF,PF,PF,NF,NF,NF,PF,PF,3,3,5,4,5,9,7,10,46,PF,5,3,8,7,5,9,11,8,56,PF,8,8,4,6,0,2,2,16,46,PF,12,8,6,9,0,4,2,5,46,PF,14,8,14,12,6,8,0,0,62,NF,14,8,12,12,6,8,0,2,62,NF,12,9,12,10,7,9,1,1,61,NF,12,9,12,10,7,10,0,1,61,NF,26,31,17,74,NF,25,29,17,71,NF,23,27,16,66,NF,22,23,15,60,PF,21,24,15,60,PF,19,25,15,59,PF,18,21,16,55,PF,18,22,16,56,PF,18,21,16,55,PF,18,21,14,53,PF,18,19,14,51,PF,18,21,14,53,PF,18,21,14,53,PF,20,21,14,55,PF,20,22,14,56,PF,20,21,15,56,PF
Lesotho,PF,PF,PF,PF,PF,PF,PF,PF,PF,PF,PF,PF,PF,PF,NF,NF,NF,NF,NF,PF,PF,10,3,6,7,10,7,2,2,47,PF,10,3,9,6,10,7,3,4,52,PF,10,10,10,10,7,8,0,0,55,PF,10,10,10,10,7,8,1,2,58,PF,12,10,10,8,7,8,0,3,58,PF,12,10,10,8,7,8,0,4,59,PF,12,10,10,7,7,8,0,2,56,PF,10,7,10,6,7,10,0,2,52,PF,13,15,18,46,PF,11,15,16,42,PF,11,15,14,40,PF,13,15,14,42,PF,13,15,14,42,PF,13,15,14,42,PF,13,19,14,46,PF,14,19,15,48,PF,14,19,15,48,PF,14,19,15,48,PF,14,19,16,49,PF,14,19,16,49,PF,13,18,16,47,PF,13,19,16,48,PF,13,20,16,49,PF,13,22,16,51,PF
Liberia,PF,PF,NF,NF,NF,NF,PF,NF,PF,NF,PF,NF,PF,NF,PF,NF,NF,NF,NF,NF,NF,9,7,7,10,7,10,15,15,80,NF,5,4,10,10,7,10,10,15,71,NF,10,10,10,10,0,10,0,20,70,NF,12,12,14,14,0,11,2,5,70,NF,12,12,14,14,0,11,2,5,70,NF,12,12,14,14,0,11,2,5,70,NF,12,12,10,12,10,10,0,1,67,NF,10,10,10,8,10,15,3,2,68,NF,26,31,20,77,NF,22,34,23,79,NF,19,33,23,75,NF,21,29,23,73,NF,19,23,22,64,NF,19,24,22,65,NF,18,25,22,65,NF,17,25,21,63,NF,17,23,21,61,NF,16,22,21,59,PF,16,23,21,60,PF,15,21,20,56,PF,16,21,21,58,PF,17,22,21,60,PF,16,21,21,58,PF,17,22,21,60,PF
Libya,NF,NF,NF,NF,NF,NF,NF,NF,NF,NF,NF,NF,NF,NF,NF,NF,NF,NF,NF,NF,NF,10,10,10,10,10,10,9,18,87,NF,10,10,10,10,10,10,10,15,85,NF,10,10,10,10,10,10,10,19,89,NF,15,15,15,15,15,15,0,0,90,NF,15,15,15,15,15,15,0,0,90,NF,15,15,15,15,15,15,0,2,92,NF,15,15,15,15,15,15,0,0,90,NF,15,15,15,15,15,15,0,0,90,NF,26,36,26,88,NF,28,34,27,89,NF,29,36,29,94,NF,29,37,29,95,NF,29,38,29,96,NF,29,38,29,96,NF,29,36,29,94,NF,29,36,29,94,NF,29,36,29,94,NF,29,36,29,94,NF,16,27,17,60,PF,15,27,17,59,PF,16,29,17,62,NF,22,33,18,73,NF,22,34,19,75,NF,22,35,20,77,NF
Liechtenstein,-,-,-,-,-,-,-,-,-,-,-,-,-,-,-,-,-,-,-,-,-,-,-,-,-,-,-,-,-,-,-,-,-,-,-,-,-,-,-,-,-,-,-,-,-,-,-,-,-,-,-,-,-,-,-,-,-,-,-,-,-,-,-,-,-,-,-,-,-,-,-,-,-,-,-,-,-,-,-,-,-,-,-,-,-,-,-,-,-,-,-,-,-,-,-,-,-,-,-,-,-,-,-,-,-,-,2,3,6,11,F,2,3,7,12,F,1,5,8,14,F,1,5,7,13,F,1,5,8,14,F,1,5,8,14,F,1,5,8,14,F,1,5,8,14,F,1,5,8,14,F,1,5,8,14,F,1,5,8,14,F,1,5,8,14,F,1,5,8,14,F,1,5,8,14,F,2,5,8,15,F
Lithuania,-,-,-,-,-,-,-,-,-,-,-,-,-,-,-,-,-,-,-,F,PF,2,2,2,5,7,6,2,4,30,F,2,2,4,5,7,6,0,3,29,F,2,4,0,8,4,2,0,5,25,F,2,4,0,8,4,2,0,0,20,F,2,3,0,6,4,2,0,0,17,F,2,3,1,6,4,2,0,0,18,F,2,3,1,6,4,4,0,0,20,F,2,3,1,6,4,4,0,0,20,F,4,7,8,19,F,7,5,6,18,F,5,7,6,18,F,5,7,6,18,F,5,7,6,18,F,5,7,6,18,F,5,7,6,18,F,5,7,6,18,F,5,9,7,21,F,5,9,8,22,F,5,9,9,23,F,6,8,10,24,F,6,8,10,24,F,7,8,10,25,F,6,7,10,23,F,6,6,9,21,F
Luxembourg,F,F,F,F,F,F,F,F,F,F,F,F,F,F,F,F,F,F,F,F,F,1,1,2,2,2,2,1,1,12,F,1,1,2,2,2,2,0,0,10,F,1,1,2,2,2,2,0,0,10,F,1,1,2,2,2,2,0,0,10,F,1,1,2,2,2,2,0,0,10,F,1,1,2,2,2,2,0,0,10,F,1,1,2,2,2,2,0,0,10,F,1,1,2,2,2,2,0,0,10,F,3,4,7,14,F,3,3,8,14,F,2,3,7,12,F,2,4,5,11,F,1,3,7,11,F,2,3,7,12,F,2,3,7,12,F,2,3,7,12,F,2,3,7,12,F,2,3,7,12,F,2,3,7,12,F,2,4,6,12,F,2,4,6,12,F,2,4,6,12,F,3,4,6,13,F,3,5,6,14,F
Macedonia,-,-,-,-,-,-,-,-,-,-,-,-,-,-,-,-,-,-,-,-,PF,-,-,-,-,-,-,-,-,-,-,5,5,7,7,3,7,0,0,34,PF,10,4,10,6,0,4,0,2,36,PF,10,4,10,5,0,4,0,0,33,PF,10,4,10,10,5,5,0,0,44,PF,10,4,9,9,5,5,0,0,42,PF,10,4,9,9,5,5,0,0,42,PF,10,4,9,9,5,5,1,1,44,PF,11,14,21,46,PF,12,19,19,50,PF,17,21,15,53,PF,14,21,16,51,PF,13,20,16,49,PF,11,18,16,45,PF,12,19,16,47,PF,12,19,16,47,PF,12,18,16,46,PF,12,20,16,48,PF,16,21,17,54,PF,17,22,17,56,PF,17,21,19,57,PF,18,21,19,58,PF,19,24,19,62,NF,19,25,20,64,NF
Madagascar,NF,NF,NF,NF,NF,NF,NF,NF,NF,NF,NF,NF,NF,NF,NF,NF,NF,NF,PF,PF,PF,3,4,5,6,5,7,5,10,45,PF,4,4,6,6,5,7,5,7,44,PF,4,4,6,10,2,4,0,2,32,PF,4,4,8,10,2,4,0,0,32,PF,4,4,8,10,2,4,0,0,32,PF,4,4,8,10,2,4,0,0,32,PF,4,4,7,10,2,4,1,0,32,PF,4,4,7,8,2,7,0,0,32,PF,3,14,14,31,PF,7,19,12,38,PF,11,18,12,41,PF,15,19,16,50,PF,15,19,15,49,PF,14,21,15,50,PF,14,19,15,48,PF,14,22,15,51,PF,17,29,15,61,NF,19,30,15,64,NF,19,29,15,63,NF,20,30,16,66,NF,20,27,16,63,NF,19,24,16,59,PF,19,23,16,58,PF,19,23,16,58,PF
Malawi,NF,NF,NF,NF,NF,NF,NF,NF,NF,NF,NF,NF,NF,NF,NF,NF,NF,NF,NF,NF,NF,6,7,9,5,5,5,2,2,41,PF,8,5,7,5,5,9,0,4,43,PF,8,4,4,0,0,6,0,14,36,PF,12,6,4,8,0,6,1,1,38,PF,12,6,5,8,0,6,0,3,40,PF,12,6,5,8,0,6,0,5,42,PF,14,7,8,8,4,6,0,5,52,PF,12,7,10,6,8,7,0,2,52,PF,19,21,14,54,PF,17,24,16,57,PF,15,22,15,52,PF,16,22,16,54,PF,16,22,17,55,PF,16,20,17,53,PF,17,20,18,55,PF,17,21,18,56,PF,17,21,18,56,PF,18,19,18,55,PF,19,23,18,60,PF,17,19,17,53,PF,17,18,16,51,PF,16,17,16,49,PF,15,15,15,45,PF,15,15,15,45,PF
Malaysia,PF,NF,PF,NF,PF,NF,PF,NF,PF,NF,PF,NF,PF,NF,NF,NF,PF,PF,PF,PF,PF,8,9,9,9,3,4,8,8,58,PF,10,9,9,9,6,5,5,11,64,NF,9,9,9,10,5,6,5,8,61,NF,10,10,14,13,5,7,1,1,61,NF,10,11,14,13,5,7,0,1,61,NF,10,11,14,15,5,7,3,1,66,NF,10,11,14,15,5,7,5,3,70,NF,10,11,14,13,5,11,1,5,70,NF,28,24,19,71,NF,26,27,18,71,NF,26,25,18,69,NF,26,26,17,69,NF,23,24,18,65,NF,24,25,19,68,NF,24,23,18,65,NF,24,24,17,65,NF,24,23,17,64,NF,24,23,17,64,NF,24,22,17,63,NF,24,23,17,64,NF,24,23,17,64,NF,25,23,17,65,NF,26,24,17,67,NF,26,25,18,69,NF
Maldives,PF,NF,PF,NF,PF,NF,PF,NF,PF,NF,PF,NF,PF,NF,PF,NF,PF,PF,NF,NF,NF,9,9,10,10,10,10,5,5,68,NF,8,8,9,9,9,9,5,5,62,NF,8,9,10,10,0,8,5,18,68,NF,15,15,13,14,0,8,0,0,65,NF,15,15,13,14,0,8,0,1,66,NF,15,15,13,14,0,8,0,1,66,NF,15,15,13,14,0,8,0,0,65,NF,15,14,13,14,0,9,0,0,65,NF,22,20,19,61,NF,24,22,18,64,NF,23,23,18,64,NF,22,27,19,68,NF,24,27,19,70,NF,23,27,18,68,NF,23,25,18,66,NF,19,20,17,56,PF,17,17,16,50,PF,17,17,16,50,PF,17,18,16,51,PF,18,21,16,55,PF,18,21,16,55,PF,17,22,16,55,PF,18,24,16,58,PF,21,25,16,62,NF
Mali,NF,NF,NF,NF,NF,NF,NF,NF,NF,NF,NF,NF,NF,NF,NF,NF,NF,NF,NF,NF,PF,9,9,5,5,5,6,2,2,43,PF,9,9,8,5,5,6,5,5,52,PF,10,9,3,0,0,0,0,2,24,F,10,9,3,0,0,0,1,1,24,F,10,9,3,2,0,0,2,4,30,F,10,9,3,2,0,2,0,1,27,F,10,9,3,2,0,2,0,0,26,F,7,5,3,2,1,3,0,1,22,F,6,10,7,23,F,6,9,9,24,F,8,10,9,27,F,6,8,9,23,F,6,10,8,24,F,7,9,8,24,F,10,9,8,27,F,9,9,8,26,F,9,8,8,25,F,8,8,8,24,F,9,7,8,24,F,13,21,12,46,PF,9,20,8,37,PF,8,19,10,37,PF,8,19,10,37,PF,8,19,10,37,PF
Malta,PF,PF,PF,PF,F,PF,F,NF,F,NF,F,NF,F,NF,F,PF,F,F,F,F,F,2,3,6,5,5,3,1,2,27,F,2,3,6,5,5,3,0,0,24,F,6,9,0,2,0,0,0,0,17,F,6,9,0,2,0,0,0,0,17,F,6,9,0,2,0,0,0,0,17,F,6,9,0,2,0,0,0,0,17,F,6,9,0,2,0,0,0,0,17,F,3,3,3,2,1,2,0,0,14,F,0,5,8,13,F,2,4,7,13,F,2,5,8,15,F,2,7,9,18,F,2,7,9,18,F,2,6,9,17,F,3,8,9,20,F,4,9,9,22,F,4,9,9,22,F,4,9,9,22,F,4,9,9,22,F,4,9,9,22,F,5,9,9,23,F,5,9,9,23,F,5,9,9,23,F,5,9,9,23,F
Marshall Islands,-,-,-,-,-,-,-,-,-,-,-,-,-,-,-,-,-,-,-,-,-,1,1,4,2,3,7,0,0,18,F,1,1,4,2,4,7,0,0,19,F,2,0,2,2,0,2,0,0,8,F,2,0,2,2,0,2,0,0,8,F,2,0,2,2,0,2,0,0,8,F,2,0,2,2,0,2,0,0,8,F,2,0,2,2,0,2,0,0,8,F,2,1,2,1,0,2,0,0,8,F,0,5,5,10,F,0,5,5,10,F,1,5,6,12,F,1,6,6,13,F,1,6,8,15,F,2,6,9,17,F,2,6,9,17,F,2,6,9,17,F,2,6,9,17,F,2,6,9,17,F,2,6,9,17,F,2,6,9,17,F,2,6,9,17,F,2,6,9,17,F,2,6,9,17,F,2,6,9,17,F
Mauritania,NF,NF,NF,NF,NF,NF,NF,NF,NF,NF,NF,NF,NF,NF,NF,NF,NF,NF,NF,NF,NF,10,10,9,10,5,7,8,8,68,NF,10,10,9,10,5,7,6,20,77,NF,10,10,10,10,2,8,4,17,71,NF,12,12,15,15,2,10,0,5,71,NF,12,12,15,15,2,10,0,5,71,NF,12,12,15,15,2,10,0,5,71,NF,12,10,13,10,2,14,1,5,67,NF,12,10,13,12,2,14,0,4,67,NF,23,18,20,61,NF,21,23,17,61,NF,23,22,19,64,NF,22,24,19,65,NF,19,20,18,57,PF,18,20,17,55,PF,18,20,18,56,PF,18,22,18,58,PF,18,21,17,56,PF,17,19,17,53,PF,17,18,17,52,PF,14,17,16,47,PF,14,19,15,48,PF,15,20,15,50,PF,16,20,15,51,PF,17,20,16,53,PF
Mauritius,F,F,F,F,F,F,F,F,F,F,F,F,F,PF,F,PF,F,F,F,F,F,2,7,4,5,4,2,1,5,30,F,2,6,6,5,4,2,0,5,30,F,5,8,2,10,0,0,0,0,25,F,5,8,2,10,0,0,0,0,25,F,5,8,2,4,0,0,0,1,20,F,5,8,2,4,0,0,0,1,20,F,5,6,2,4,0,0,0,0,17,F,5,4,2,4,0,2,0,0,17,F,5,7,5,17,F,5,9,10,24,F,5,10,11,26,F,6,9,13,28,F,6,8,12,26,F,6,8,12,26,F,6,8,12,26,F,6,8,12,26,F,6,8,13,27,F,6,9,13,28,F,7,9,13,29,F,7,10,13,30,F,7,10,13,30,F,7,10,13,30,F,6,10,13,29,F,6,10,13,29,F
Mexico,PF,PF,PF,PF,PF,PF,PF,PF,PF,PF,PF,PF,PF,PF,PF,PF,PF,PF,PF,PF,PF,3,3,8,8,8,8,4,18,60,PF,3,3,8,4,7,6,5,18,54,PF,6,4,2,8,2,8,7,15,52,PF,6,4,5,12,3,12,5,5,52,PF,6,4,12,12,3,12,0,5,54,PF,6,4,12,12,3,12,0,5,54,PF,6,4,12,12,3,12,0,1,50,PF,6,4,9,8,3,8,3,5,46,PF,14,20,6,40,PF,13,16,9,38,PF,11,16,9,36,PF,11,20,11,42,PF,13,22,13,48,PF,12,23,13,48,PF,13,25,13,51,PF,15,27,13,55,PF,16,30,14,60,PF,17,31,14,62,NF,17,31,14,62,NF,16,31,14,61,NF,16,31,14,61,NF,18,31,14,63,NF,19,31,14,64,NF,19,31,14,64,NF
Micronesia,-,-,-,-,-,-,-,-,-,-,-,-,-,-,-,-,-,-,-,-,-,1,1,7,4,5,5,1,1,25,F,1,1,6,5,5,5,0,0,23,F,1,1,6,5,5,5,0,0,23,F,1,1,6,5,5,5,0,0,23,F,1,1,10,5,5,2,0,2,26,F,1,1,10,7,5,2,0,0,26,F,1,1,8,7,5,2,0,0,24,F,2,1,7,5,4,3,0,0,22,F,2,2,16,20,F,2,3,12,17,F,1,7,11,19,F,1,7,10,18,F,1,8,11,20,F,1,8,11,20,F,2,8,11,21,F,2,8,11,21,F,2,8,11,21,F,2,8,11,21,F,2,8,11,21,F,2,8,11,21,F,2,8,11,21,F,2,8,11,21,F,2,8,11,21,F,2,8,11,21,F
Moldova,-,-,-,-,-,-,-,-,-,-,-,-,-,-,-,-,-,-,-,-,PF,5,5,10,9,4,4,2,2,41,PF,5,7,10,9,6,7,1,2,47,PF,10,10,10,9,0,9,4,10,62,NF,12,13,8,7,7,9,1,1,57,PF,12,13,8,7,7,9,1,1,58,PF,12,13,8,7,7,9,0,0,56,PF,12,13,8,7,7,9,0,2,58,PF,12,13,9,7,7,9,1,1,59,PF,22,20,17,59,PF,20,22,17,59,PF,22,23,18,63,NF,20,26,19,65,NF,20,25,20,65,NF,20,25,20,65,NF,20,25,21,66,NF,20,26,21,67,NF,20,24,21,65,NF,17,19,19,55,PF,17,18,19,54,PF,16,18,19,53,PF,16,18,19,53,PF,17,19,19,55,PF,17,21,18,56,PF,17,21,18,56,PF
Monaco,-,-,-,-,-,-,-,-,-,-,-,-,-,-,-,-,-,-,-,-,-,-,-,-,-,-,-,-,-,-,-,-,-,-,-,-,-,-,-,-,-,-,-,-,-,-,-,-,-,-,-,-,-,-,-,-,-,-,-,-,-,-,-,-,-,-,-,-,-,-,-,-,-,-,-,-,-,-,-,-,-,-,-,-,-,-,-,-,-,-,-,-,-,-,-,-,-,-,-,-,-,-,-,-,-,-,3,2,4,9,F,3,4,6,13,F,3,5,6,14,F,3,7,6,16,F,3,7,6,16,F,3,7,6,16,F,3,7,6,16,F,3,7,6,16,F,3,7,6,16,F,3,7,6,16,F,3,7,6,16,F,3,6,6,15,F,3,6,6,15,F,3,6,6,15,F,3,6,7,16,F
Mongolia,NF,NF,NF,NF,NF,NF,NF,NF,NF,NF,NF,NF,NF,NF,NF,NF,NF,NF,PF,PF,F,10,6,6,9,6,8,0,0,40,PF,9,5,6,9,6,6,0,0,41,PF,7,6,8,5,0,8,0,0,34,PF,7,6,8,5,0,8,0,0,34,PF,7,6,8,5,0,8,0,0,34,PF,7,6,6,3,0,8,0,0,30,F,6,5,6,3,0,8,0,1,29,F,6,5,6,3,0,8,0,0,28,F,4,12,15,31,PF,11,11,14,36,PF,11,12,13,36,PF,11,12,12,35,PF,11,12,11,34,PF,12,13,11,36,PF,13,13,12,38,PF,13,16,12,41,PF,14,13,12,39,PF,14,13,12,39,PF,13,12,12,37,PF,13,12,12,37,PF,13,12,12,37,PF,13,12,12,37,PF,13,12,12,37,PF,13,12,12,37,PF
Montenegro,-,-,-,-,-,-,-,-,-,-,-,-,-,-,-,-,-,-,-,-,-,-,-,-,-,-,-,-,-,-,-,-,-,-,-,-,-,-,-,-,-,-,-,-,-,-,-,-,-,-,-,-,-,-,-,-,-,-,-,-,-,-,-,-,-,-,-,-,-,-,-,-,-,-,-,-,-,-,-,-,-,-,-,-,-,-,-,-,-,-,-,-,-,-,-,-,-,-,-,-,-,-,-,-,-,-,-,-,-,-,-,-,-,-,-,-,-,-,-,-,-,-,-,-,-,-,11,16,10,37,PF,12,16,10,38,PF,11,16,10,37,PF,11,16,10,37,PF,11,16,10,37,PF,9,16,10,35,PF,9,17,10,36,PF,10,18,11,39,PF,10,18,11,39,PF,11,18,12,41,PF,13,19,12,44,PF
Morocco,PF,NF,PF,NF,PF,NF,PF,NF,PF,NF,PF,NF,PF,NF,PF,NF,NF,NF,PF,PF,PF,7,7,7,6,7,5,5,15,59,PF,7,7,7,6,6,5,5,10,53,PF,10,10,5,9,0,10,0,4,48,PF,11,11,6,10,0,10,1,2,51,PF,11,11,6,10,0,10,1,2,51,PF,11,11,6,10,0,10,1,2,51,PF,11,11,6,10,0,10,0,1,49,PF,11,11,6,10,0,10,1,4,53,PF,22,22,14,58,PF,19,22,16,57,PF,21,23,17,61,NF,21,25,17,63,NF,22,22,17,61,NF,23,22,17,62,NF,24,23,17,64,NF,24,23,17,64,NF,25,24,17,66,NF,25,25,18,68,NF,25,25,18,68,NF,24,24,18,66,NF,24,24,18,66,NF,24,24,18,66,NF,23,25,18,66,NF,23,25,18,66,NF
Mozambique,NF,NF,NF,NF,NF,NF,NF,NF,NF,NF,NF,NF,NF,NF,NF,NF,NF,NF,NF,PF,PF,8,9,5,6,5,9,9,10,61,NF,8,9,5,3,5,9,5,10,54,PF,5,5,7,9,5,5,0,0,36,PF,8,7,10,13,5,5,2,0,50,PF,8,7,10,13,5,5,0,0,48,PF,8,7,10,13,5,5,0,0,48,PF,8,7,10,10,5,5,0,3,48,PF,8,7,10,7,5,8,0,3,48,PF,17,14,17,48,PF,14,18,15,47,PF,13,17,15,45,PF,13,17,15,45,PF,12,17,14,43,PF,11,15,14,40,PF,11,15,14,40,PF,12,15,14,41,PF,12,16,14,42,PF,13,17,14,44,PF,12,16,15,43,PF,13,14,15,42,PF,13,17,15,45,PF,12,17,15,44,PF,12,19,15,46,PF,12,21,15,48,PF
Myanmar,NF,NF,NF,NF,NF,NF,NF,NF,NF,NF,NF,NF,NF,NF,NF,NF,NF,NF,NF,NF,NF,10,10,10,10,4,10,18,18,90,NF,10,10,10,10,9,10,20,20,99,NF,10,10,10,10,9,10,20,20,99,NF,15,15,15,15,15,15,4,5,99,NF,15,15,15,15,15,15,4,5,99,NF,15,15,15,15,15,15,2,5,97,NF,15,15,15,15,15,15,5,5,100,NF,15,15,15,15,15,15,5,5,100,NF,30,40,26,96,NF,30,37,27,94,NF,30,38,27,95,NF,30,38,28,96,NF,30,38,28,96,NF,30,38,28,96,NF,30,39,28,97,NF,30,38,28,96,NF,30,38,27,95,NF,30,37,27,94,NF,28,31,26,85,NF,23,24,25,72,NF,22,24,24,70,NF,23,27,23,73,NF,23,28,22,73,NF,23,29,21,73,NF
Namibia,-,-,-,-,-,-,-,-,-,-,-,-,-,-,-,-,-,-,-,F,F,2,5,2,2,4,5,1,2,23,F,2,4,2,2,4,5,4,0,23,F,2,2,7,7,0,2,6,4,30,F,3,3,10,10,0,3,1,0,30,F,3,3,10,10,0,3,0,1,30,F,3,3,10,12,0,3,5,2,38,PF,3,3,10,12,0,3,1,2,34,PF,3,3,10,12,1,3,1,1,34,PF,3,19,12,34,PF,8,15,14,37,PF,9,12,13,34,PF,8,9,12,29,F,8,10,12,30,F,8,10,12,30,F,8,10,12,30,F,8,10,12,30,F,9,13,12,34,PF,9,14,11,34,PF,9,13,10,32,PF,9,12,10,31,PF,9,12,10,31,PF,9,14,10,33,PF,9,14,10,33,PF,9,13,10,32,PF
Nauru,F,F,F,F,F,F,F,F,F,F,F,F,F,F,F,F,F,F,F,F,F,1,1,7,3,2,4,1,1,20,F,1,1,7,3,2,4,0,0,18,F,1,1,1,1,1,1,0,0,6,F,1,1,1,1,1,1,0,0,6,F,1,1,1,1,1,1,0,0,6,F,1,1,1,1,1,1,0,0,6,F,1,1,1,1,1,1,0,0,6,F,1,1,5,2,2,1,1,0,13,F,5,12,10,27,F,5,11,10,26,F,2,10,13,25,F,4,12,13,29,F,4,13,13,30,F,4,11,13,28,F,4,11,13,28,F,4,11,13,28,F,4,11,13,28,F,4,11,13,28,F,4,11,13,28,F,4,11,13,28,F,5,12,14,31,PF,5,13,14,32,PF,9,18,14,41,PF,10,20,16,46,PF
Nepal,PF,NF,PF,NF,PF,NF,PF,NF,PF,NF,PF,NF,PF,NF,PF,NF,PF,PF,PF,F,F,8,8,9,8,6,8,3,3,53,PF,8,8,9,8,6,8,1,6,54,PF,8,9,7,8,0,8,0,12,52,PF,12,14,10,12,0,8,0,0,56,PF,12,14,10,12,0,8,0,3,59,PF,12,14,10,10,0,8,0,5,59,PF,12,14,10,10,0,8,0,5,59,PF,12,10,10,8,3,11,0,3,57,PF,21,24,15,60,PF,19,34,12,65,NF,20,31,14,65,NF,20,32,17,69,NF,23,35,19,77,NF,17,27,14,58,PF,15,28,14,57,PF,15,28,14,57,PF,16,28,15,59,PF,16,28,15,59,PF,15,25,15,55,PF,16,27,15,58,PF,16,24,15,55,PF,16,24,15,55,PF,16,23,15,54,PF,16,21,15,52,PF
Netherlands,F,F,F,F,F,F,F,F,F,F,F,F,F,F,F,F,F,F,F,F,F,3,3,1,1,1,3,1,1,14,F,3,3,2,1,1,3,4,1,18,F,3,3,2,2,1,3,0,0,14,F,3,3,2,2,1,3,0,0,14,F,3,3,2,2,1,3,0,0,14,F,3,3,2,2,1,3,0,0,14,F,3,3,2,2,1,3,0,0,14,F,3,3,2,2,1,3,0,1,15,F,5,4,6,15,F,5,4,6,15,F,2,4,6,12,F,1,6,4,11,F,1,6,4,11,F,2,7,4,13,F,2,7,4,13,F,2,7,4,13,F,3,7,4,14,F,3,7,4,14,F,2,6,4,12,F,1,6,4,11,F,1,5,4,10,F,2,5,4,11,F,2,5,4,11,F,2,5,4,11,F
New Zealand,F,F,F,F,F,F,F,F,F,F,F,F,F,F,F,F,F,F,F,F,F,1,1,2,1,1,2,0,0,8,F,1,1,2,1,1,2,0,0,8,F,1,1,1,2,0,1,0,0,6,F,1,1,1,2,0,1,0,0,6,F,1,1,1,2,0,1,0,0,6,F,2,2,1,2,0,1,0,0,8,F,2,2,1,2,0,1,0,0,8,F,2,1,1,2,1,1,0,0,8,F,0,1,7,8,F,1,1,6,8,F,1,3,6,10,F,2,4,6,12,F,2,5,6,13,F,3,5,5,13,F,2,5,6,13,F,3,5,6,14,F,3,5,6,14,F,3,6,6,15,F,3,8,6,17,F,3,7,6,16,F,3,8,7,18,F,4,8,7,19,F,5,8,7,20,F,4,8,7,19,F
Nicaragua,F,PF,F,PF,PF,PF,PF,NF,PF,NF,PF,NF,NF,NF,PF,NF,NF,NF,PF,PF,PF,5,6,5,6,4,6,14,10,56,PF,5,6,5,6,4,6,10,11,53,PF,5,6,5,6,4,6,6,6,44,PF,6,8,6,7,5,8,1,1,44,PF,6,8,6,7,5,8,0,0,40,PF,6,8,6,6,5,8,1,0,40,PF,6,8,6,6,5,8,1,0,40,PF,6,5,6,5,8,10,0,0,40,PF,6,15,11,32,PF,10,16,14,40,PF,10,14,13,37,PF,14,17,11,42,PF,14,18,12,44,PF,14,16,12,42,PF,14,17,12,43,PF,14,19,12,45,PF,14,20,13,47,PF,13,19,15,47,PF,13,20,16,49,PF,14,20,17,51,PF,14,21,17,52,PF,14,21,17,52,PF,14,23,17,54,PF,14,24,17,55,PF
Niger,NF,NF,NF,NF,NF,NF,NF,NF,NF,NF,NF,NF,NF,NF,NF,NF,NF,NF,NF,NF,NF,5,8,9,6,5,8,5,15,61,NF,5,8,8,8,5,9,5,13,61,NF,6,7,9,9,5,9,0,9,54,PF,8,9,13,13,5,9,3,3,63,NF,8,9,13,13,5,9,3,3,63,NF,9,10,14,14,5,9,5,2,68,NF,9,10,14,14,5,9,0,1,62,NF,9,9,11,12,9,11,0,1,62,NF,20,14,15,49,PF,21,17,15,53,PF,20,20,16,56,PF,19,18,16,53,PF,21,19,16,56,PF,21,20,17,58,PF,22,24,17,63,NF,22,25,17,64,NF,25,26,17,68,NF,21,21,17,59,PF,15,17,17,49,PF,15,18,17,50,PF,15,20,17,52,PF,15,19,17,51,PF,16,20,17,53,PF,16,19,17,52,PF
Nigeria,F,PF,F,PF,F,PF,F,PF,PF,PF,PF,PF,PF,PF,PF,PF,F,PF,PF,PF,PF,5,10,9,9,5,3,4,12,57,PF,7,10,9,10,5,6,3,19,69,NF,10,10,10,10,8,10,14,20,92,NF,15,15,15,15,8,15,5,5,93,NF,15,15,15,15,8,15,5,5,93,NF,15,15,3,4,8,10,0,0,55,PF,8,8,5,6,8,10,3,5,53,PF,8,8,5,6,8,10,5,5,55,PF,15,24,18,57,PF,15,22,16,53,PF,15,23,15,53,PF,15,21,16,52,PF,15,21,18,54,PF,14,24,17,55,PF,14,22,17,53,PF,15,22,17,54,PF,15,22,17,54,PF,14,21,17,52,PF,13,22,15,50,PF,13,23,15,51,PF,14,22,15,51,PF,14,23,16,53,PF,14,22,15,51,PF,14,22,15,51,PF
North Korea,NF,NF,NF,NF,NF,NF,NF,NF,NF,NF,NF,NF,NF,NF,NF,NF,NF,NF,NF,NF,NF,10,10,10,10,5,5,20,20,90,NF,10,10,10,10,10,10,15,17,92,NF,10,10,10,10,10,10,20,20,100,NF,15,15,15,15,15,15,5,5,100,NF,15,15,15,15,15,15,5,5,100,NF,15,15,15,15,15,15,5,5,100,NF,15,15,15,15,15,15,5,5,100,NF,15,15,15,15,15,15,5,5,100,NF,30,36,30,96,NF,30,40,26,96,NF,30,39,29,98,NF,30,38,29,97,NF,30,38,29,97,NF,30,38,29,97,NF,30,39,29,98,NF,30,39,29,98,NF,30,40,29,99,NF,30,38,29,97,NF,30,38,29,97,NF,30,37,29,96,NF,30,38,29,97,NF,30,38,29,97,NF,30,38,29,97,NF,30,39,29,98,NF
Norway,F,F,F,F,F,F,F,F,F,F,F,F,F,F,F,F,F,F,F,F,F,1,1,1,2,2,1,1,1,10,F,1,1,1,2,2,1,0,0,8,F,1,3,0,0,0,1,0,0,5,F,1,3,0,0,0,1,0,0,5,F,1,3,0,0,0,1,0,0,5,F,1,3,0,0,0,1,0,0,5,F,1,3,0,0,0,1,0,0,5,F,1,2,0,0,1,1,0,0,5,F,6,1,2,9,F,2,1,6,9,F,3,3,3,9,F,3,3,4,10,F,3,3,4,10,F,3,4,4,11,F,3,3,4,10,F,3,3,4,10,F,3,3,4,10,F,3,4,4,11,F,3,3,4,10,F,3,3,4,10,F,3,3,4,10,F,3,3,4,10,F,2,3,4,9,F,2,3,3,8,F
Oman,NF,NF,NF,NF,NF,NF,NF,NF,NF,NF,NF,NF,NF,NF,NF,NF,NF,NF,NF,NF,NF,10,10,10,8,10,10,5,5,68,NF,10,10,10,9,10,10,5,5,69,NF,10,10,10,10,10,10,0,2,62,NF,15,15,15,15,0,5,1,1,67,NF,15,15,15,15,0,15,0,0,75,NF,15,15,15,15,0,15,0,0,75,NF,15,15,13,13,0,15,0,0,71,NF,15,15,13,13,0,15,0,0,71,NF,26,18,24,68,NF,26,25,22,73,NF,26,26,22,74,NF,25,26,21,72,NF,22,26,22,70,NF,24,28,19,71,NF,25,27,19,71,NF,25,27,19,71,NF,25,27,19,71,NF,25,27,19,71,NF,25,27,19,71,NF,25,27,19,71,NF,25,27,19,71,NF,25,27,19,71,NF,25,27,19,71,NF,25,27,19,71,NF
Pakistan,NF,NF,NF,NF,NF,NF,NF,NF,NF,NF,PF,NF,PF,NF,PF,NF,F,PF,PF,PF,PF,3,3,9,8,7,8,9,11,58,PF,4,4,9,8,6,5,5,18,59,PF,4,6,5,10,0,3,12,20,60,PF,6,9,13,11,0,9,1,5,54,PF,6,9,13,11,0,9,5,5,58,PF,6,9,13,13,0,9,5,5,60,PF,6,9,15,15,0,9,5,5,64,NF,9,6,13,9,1,14,0,5,57,PF,15,26,16,57,PF,17,25,16,58,PF,17,24,18,59,PF,18,25,18,61,NF,18,25,18,61,NF,17,28,18,63,NF,20,29,17,66,NF,19,27,16,62,NF,19,26,16,61,NF,18,27,16,61,NF,18,29,16,63,NF,19,29,16,64,NF,19,29,16,64,NF,19,30,16,65,NF,19,29,16,64,NF,19,30,16,65,NF
Palau,-,-,-,-,-,-,-,-,-,-,-,-,-,-,-,-,-,-,-,-,-,-,-,-,-,-,-,-,-,-,-,-,-,-,-,-,-,-,-,-,-,-,-,-,-,-,-,-,-,-,-,-,-,-,-,-,-,-,-,-,-,-,-,-,-,-,-,-,-,-,-,-,-,-,-,-,-,-,-,-,-,-,-,-,-,-,-,-,-,-,-,-,-,-,-,-,-,-,-,-,-,-,-,-,-,-,0,2,7,9,F,1,3,7,11,F,1,4,8,13,F,1,5,8,14,F,1,6,7,14,F,1,5,8,14,F,1,5,8,14,F,1,5,8,14,F,1,5,8,14,F,1,6,9,16,F,1,6,9,16,F,1,6,8,15,F,1,6,8,15,F,1,6,8,15,F,1,6,8,15,F
Panama,PF,PF,F,PF,PF,PF,PF,PF,PF,PF,PF,PF,PF,PF,NF,NF,NF,NF,F,F,F,4,4,2,3,4,5,2,3,27,F,3,3,2,2,4,5,0,3,22,F,7,8,2,2,4,7,0,0,30,F,7,8,2,2,4,7,0,0,30,F,7,8,2,2,4,7,0,0,30,F,7,8,2,2,4,7,0,0,30,F,7,8,2,2,4,7,0,0,30,F,7,8,2,2,4,7,0,0,30,F,14,9,7,30,F,16,11,7,34,PF,19,17,9,45,PF,17,17,10,44,PF,17,16,10,43,PF,18,16,9,43,PF,18,17,9,44,PF,18,17,9,44,PF,17,18,9,44,PF,18,17,9,44,PF,17,19,10,46,PF,17,19,12,48,PF,17,20,13,50,PF,17,19,13,49,PF,17,18,11,46,PF,17,15,9,41,PF
Papua New Guinea,F,F,F,F,F,F,F,F,F,F,F,F,F,F,F,F,F,F,F,F,F,2,2,3,3,4,4,5,2,25,F,2,2,3,3,4,4,1,4,23,F,5,5,7,5,2,2,4,0,30,F,5,5,7,7,2,2,2,0,30,F,5,5,7,7,2,2,0,0,28,F,5,5,7,7,2,2,0,0,28,F,5,5,7,7,2,2,0,0,28,F,5,5,3,4,6,5,1,0,29,F,3,6,17,26,F,3,10,12,25,F,5,11,9,25,F,4,13,12,29,F,4,13,12,29,F,4,14,12,30,F,4,13,11,28,F,4,12,10,26,F,4,10,10,24,F,4,11,10,25,F,6,11,10,27,F,6,12,10,28,F,6,13,10,29,F,6,14,9,29,F,7,13,9,29,F,7,13,9,29,F
Paraguay,PF,PF,PF,PF,PF,PF,PF,PF,PF,PF,NF,NF,NF,NF,PF,NF,NF,PF,PF,PF,PF,2,2,5,5,5,5,5,12,41,PF,2,2,7,7,5,5,8,20,56,PF,5,5,5,9,3,3,14,8,52,PF,7,7,8,13,4,6,2,5,52,PF,7,7,8,13,4,6,2,5,52,PF,7,7,8,13,4,6,1,1,47,PF,7,7,8,13,4,6,3,3,51,PF,8,7,10,8,8,6,2,2,51,PF,12,23,16,51,PF,13,24,18,55,PF,15,22,17,54,PF,17,21,18,56,PF,18,20,19,57,PF,19,23,18,60,PF,19,23,18,60,PF,18,23,18,59,PF,18,23,18,59,PF,19,23,18,60,PF,18,24,18,60,PF,18,25,18,61,NF,17,24,18,59,PF,16,25,18,59,PF,15,25,18,58,PF,16,24,19,59,PF
Peru,PF,PF,F,F,F,F,F,F,F,F,F,F,F,F,F,F,F,F,PF,PF,PF,6,6,5,7,7,6,6,15,58,PF,5,5,8,8,3,8,8,12,57,PF,8,8,5,5,3,3,18,10,60,PF,12,12,8,8,5,5,5,1,56,PF,12,13,8,10,5,5,1,5,59,PF,12,13,8,10,5,5,5,5,63,NF,12,13,10,12,5,5,5,5,67,NF,10,10,8,7,5,8,3,3,54,PF,8,13,9,30,F,9,17,9,35,PF,10,14,10,34,PF,12,17,11,40,PF,11,17,11,39,PF,13,18,11,42,PF,15,18,11,44,PF,14,19,11,44,PF,14,19,11,44,PF,14,18,11,43,PF,14,19,11,44,PF,14,18,11,43,PF,14,18,12,44,PF,15,20,12,47,PF,15,19,12,46,PF,14,19,12,45,PF
Philippines,PF,NF,PF,NF,PF,NF,PF,NF,PF,NF,PF,PF,F,F,F,F,F,F,F,PF,PF,2,2,6,5,10,10,12,8,55,PF,2,2,6,5,8,8,7,8,46,PF,5,5,7,7,8,8,0,6,46,PF,5,5,8,7,8,9,2,2,46,PF,5,5,7,3,4,5,1,0,30,F,5,5,7,3,3,5,2,0,30,F,5,5,7,5,3,3,0,2,30,F,3,3,7,5,3,4,2,3,30,F,3,16,11,30,F,3,17,10,30,F,6,19,9,34,PF,6,19,10,35,PF,8,21,11,40,PF,11,24,11,46,PF,11,23,11,45,PF,11,23,11,45,PF,13,24,11,48,PF,13,22,11,46,PF,12,20,10,42,PF,13,20,10,43,PF,13,21,10,44,PF,14,20,10,44,PF,14,20,10,44,PF,14,20,10,44,PF
Poland,NF,NF,PF,NF,PF,NF,PF,NF,PF,NF,PF,NF,PF,NF,PF,NF,NF,PF,F,F,F,5,5,5,3,2,2,3,5,30,F,5,4,5,3,2,2,3,5,29,F,6,6,2,3,2,2,0,0,21,F,6,4,7,4,2,2,0,2,27,F,6,4,7,4,2,2,0,0,25,F,6,4,7,4,2,2,0,0,25,F,4,4,3,4,2,2,0,0,19,F,4,3,3,3,2,4,0,0,19,F,6,6,6,18,F,6,5,7,18,F,6,6,7,19,F,5,8,7,20,F,6,8,7,21,F,7,8,7,22,F,8,9,7,24,F,8,9,7,24,F,8,9,7,24,F,8,10,7,25,F,8,10,7,25,F,9,10,7,26,F,9,11,7,27,F,9,10,7,26,F,9,11,8,28,F,11,14,9,34,PF
Portugal,F,F,F,F,F,F,F,F,F,F,F,F,F,F,F,F,F,F,F,F,F,1,1,6,2,1,5,1,1,18,F,1,1,6,2,1,3,0,2,16,F,5,4,2,2,2,2,0,0,17,F,5,4,2,2,2,2,0,0,17,F,5,4,2,2,2,2,0,0,17,F,5,4,2,2,2,2,0,0,17,F,5,4,2,2,2,2,0,0,17,F,5,4,2,2,2,2,0,0,17,F,3,5,7,15,F,5,4,6,15,F,2,5,7,14,F,2,6,6,14,F,2,6,6,14,F,2,6,6,14,F,4,6,6,16,F,4,6,6,16,F,4,6,6,16,F,5,6,6,17,F,5,6,6,17,F,5,6,6,17,F,5,7,6,18,F,5,7,6,18,F,5,7,6,18,F,4,7,6,17,F
Qatar,NF,NF,NF,NF,NF,NF,NF,NF,NF,NF,NF,NF,NF,NF,NF,NF,NF,NF,NF,NF,NF,8,8,10,10,10,10,5,5,64,NF,8,8,10,10,10,10,4,4,64,NF,10,10,10,10,10,10,0,2,62,NF,8,8,8,8,10,10,0,1,53,PF,8,8,14,12,10,10,0,0,62,NF,8,8,14,12,10,10,0,0,62,NF,7,8,13,14,10,10,0,0,62,NF,7,8,13,14,10,10,0,0,62,NF,14,24,24,62,NF,16,24,21,61,NF,14,24,23,61,NF,17,23,22,62,NF,18,23,20,61,NF,18,24,21,63,NF,19,24,21,64,NF,19,24,22,65,NF,20,24,22,66,NF,20,24,22,66,NF,20,25,22,67,NF,20,25,22,67,NF,20,25,22,67,NF,21,24,22,67,NF,21,26,22,69,NF,21,27,22,70,NF
Romania,NF,NF,NF,NF,NF,NF,NF,NF,NF,NF,NF,NF,NF,NF,NF,NF,NF,NF,NF,PF,F,3,3,7,7,3,10,10,12,55,PF,3,3,7,7,7,10,7,6,50,PF,6,5,5,6,8,9,4,6,49,PF,6,4,7,7,7,10,2,4,47,PF,6,4,7,7,7,8,0,0,39,PF,6,4,7,7,7,8,0,5,44,PF,6,4,7,7,7,8,1,4,44,PF,6,4,7,7,7,8,1,4,44,PF,11,14,10,35,PF,12,14,12,38,PF,13,19,15,47,PF,13,18,16,47,PF,13,16,15,44,PF,12,15,15,42,PF,13,16,15,44,PF,13,16,15,44,PF,13,15,15,43,PF,13,15,14,42,PF,12,15,14,41,PF,12,16,14,42,PF,12,15,14,41,PF,12,15,15,42,PF,9,16,13,38,PF,9,16,13,38,PF
Russia,-,-,-,-,-,-,-,-,-,-,-,-,-,-,-,-,-,-,-,-,PF,3,2,7,2,3,10,3,10,40,PF,3,2,7,4,3,6,10,20,55,PF,3,2,7,4,5,5,12,20,58,PF,5,3,12,11,5,7,5,5,53,PF,5,3,12,11,5,7,5,5,53,PF,5,3,12,11,8,10,5,5,59,PF,6,6,10,10,8,10,5,5,60,PF,7,7,10,8,8,10,5,5,60,PF,13,30,17,60,PF,14,30,22,66,NF,14,30,23,67,NF,14,31,23,68,NF,16,32,24,72,NF,18,33,24,75,NF,21,33,24,78,NF,23,33,24,80,NF,24,33,24,81,NF,24,33,24,81,NF,24,32,24,80,NF,25,32,24,81,NF,25,32,24,81,NF,25,34,24,83,NF,25,34,24,83,NF,25,34,24,83,NF
Rwanda,-,-,-,-,-,-,-,-,-,-,-,-,-,-,-,-,-,-,-,NF,NF,10,8,7,8,7,7,5,10,63,NF,-,-,-,-,-,-,-,-,-,NF,10,8,10,9,10,9,2,16,74,NF,14,11,15,15,6,7,3,3,74,NF,14,11,15,15,6,10,0,0,71,NF,14,11,15,15,6,10,0,1,72,NF,14,11,15,15,6,10,0,1,72,NF,14,11,15,13,7,12,0,0,72,NF,26,37,24,87,NF,24,33,23,80,NF,24,33,25,82,NF,24,34,26,84,NF,24,35,26,85,NF,24,34,26,84,NF,24,34,26,84,NF,25,34,26,85,NF,26,33,24,83,NF,26,34,24,84,NF,26,32,24,82,NF,24,32,24,80,NF,22,33,24,79,NF,22,34,23,79,NF,23,34,22,79,NF,23,34,22,79,NF
Saint Kitts and Nevis,-,-,-,-,-,-,-,-,F,F,F,F,F,F,F,F,F,F,F,F,F,2,2,5,3,2,3,2,2,21,F,2,2,5,3,2,3,0,2,19,F,7,5,3,1,0,2,0,0,18,F,7,5,3,1,0,2,0,0,18,F,7,5,3,1,0,2,0,0,18,F,7,5,3,1,0,2,0,0,18,F,7,5,3,1,0,2,0,0,18,F,7,5,3,1,0,2,0,0,18,F,4,6,8,18,F,4,7,7,18,F,2,9,10,21,F,6,8,9,23,F,4,9,8,21,F,4,8,8,20,F,4,8,7,19,F,4,8,7,19,F,4,9,7,20,F,4,9,7,20,F,4,9,7,20,F,4,9,7,20,F,4,9,7,20,F,4,9,7,20,F,4,9,7,20,F,4,10,7,21,F
Saint Lucia,F,F,F,F,F,F,F,F,F,F,F,F,F,F,F,F,F,F,F,F,F,1,1,2,2,2,3,1,1,13,F,1,1,2,2,3,3,1,0,13,F,3,3,3,2,0,2,0,0,13,F,3,3,3,2,0,2,0,0,13,F,3,3,3,2,0,2,0,0,13,F,3,3,3,2,0,2,0,0,13,F,3,3,3,2,0,2,0,0,13,F,3,3,3,2,0,2,0,0,13,F,0,4,7,11,F,0,4,4,8,F,4,3,4,11,F,6,5,5,16,F,6,7,5,18,F,4,7,5,16,F,3,9,4,16,F,2,9,4,15,F,2,9,4,15,F,2,9,4,15,F,2,9,4,15,F,3,8,4,15,F,3,8,4,15,F,3,8,4,15,F,3,8,4,15,F,3,10,4,17,F
Saint Vincent and the Grenadines,F,PF,F,PF,F,PF,F,PF,F,PF,F,PF,F,PF,F,PF,F,F,F,F,F,2,2,5,3,2,4,3,1,22,F,1,1,1,3,2,4,0,0,12,F,3,3,5,3,0,2,0,0,16,F,3,3,5,3,0,2,0,0,16,F,3,3,5,3,0,2,0,0,16,F,3,3,5,3,0,2,0,0,16,F,3,3,5,3,0,2,0,0,16,F,3,3,5,3,0,2,0,0,16,F,2,7,7,16,F,2,8,7,17,F,1,5,8,14,F,2,5,9,16,F,3,6,7,16,F,4,7,6,17,F,4,7,6,17,F,4,7,6,17,F,4,7,6,17,F,4,7,6,17,F,4,7,6,17,F,4,7,6,17,F,4,7,6,17,F,4,7,6,17,F,4,7,6,17,F,5,9,7,21,F
Samoa,-,-,-,-,-,-,-,-,-,-,-,-,-,-,-,-,-,-,-,-,-,2,6,10,2,5,3,1,1,30,F,3,4,6,5,5,5,0,1,29,F,3,4,6,5,5,5,0,0,28,F,3,4,6,5,5,5,0,0,28,F,3,4,6,5,5,5,0,0,28,F,3,4,6,6,5,5,0,2,31,PF,3,4,6,6,5,5,0,5,34,PF,2,2,3,3,5,6,0,0,21,F,4,5,14,23,F,4,4,16,24,F,4,8,12,24,F,4,9,12,25,F,6,12,11,29,F,7,12,11,30,F,7,12,10,29,F,7,13,9,29,F,7,13,9,29,F,7,14,9,30,F,7,13,9,29,F,7,13,9,29,F,7,13,9,29,F,8,13,9,30,F,7,13,9,29,F,7,13,9,29,F
San Marino,-,-,-,-,-,-,-,-,-,-,-,-,-,-,-,-,-,-,-,-,-,-,-,-,-,-,-,-,-,-,-,-,-,-,-,-,-,-,-,-,-,-,-,-,-,-,-,-,-,-,-,-,-,-,-,-,-,-,-,-,-,-,-,-,-,-,-,-,-,-,-,-,-,-,-,-,-,-,-,-,-,-,-,-,-,-,-,-,-,-,-,-,-,-,-,-,-,-,-,-,-,-,-,-,-,-,1,3,5,9,F,1,7,6,14,F,1,8,7,16,F,4,6,7,17,F,4,6,7,17,F,4,6,7,17,F,4,6,7,17,F,4,6,7,17,F,4,6,7,17,F,4,6,7,17,F,4,5,7,16,F,4,5,7,16,F,4,5,7,16,F,4,5,7,16,F,4,6,7,17,F
São Tomé and Príncipe,NF,NF,NF,NF,NF,NF,NF,NF,NF,NF,NF,NF,NF,NF,NF,NF,NF,NF,NF,PF,PF,4,4,10,8,8,8,4,6,52,PF,6,6,6,6,2,5,2,1,34,PF,6,6,8,8,1,5,6,8,48,PF,9,9,12,12,0,5,1,0,48,PF,7,7,6,5,0,5,0,0,30,F,7,7,6,5,0,5,0,0,30,F,7,7,4,4,0,5,0,0,27,F,7,5,4,4,0,5,0,0,25,F,1,3,15,19,F,1,3,15,19,F,4,10,14,28,F,4,10,14,28,F,4,11,14,29,F,4,11,14,29,F,4,10,14,28,F,4,10,14,28,F,4,10,14,28,F,4,11,14,29,F,4,11,14,29,F,4,11,13,28,F,4,11,13,28,F,4,11,13,28,F,4,11,13,28,F,4,11,13,28,F
Saudi Arabia,NF,NF,NF,NF,NF,NF,NF,NF,NF,NF,NF,NF,NF,NF,NF,NF,NF,NF,NF,NF,NF,9,9,10,10,10,8,5,10,71,NF,10,10,10,10,10,10,5,11,76,NF,10,10,10,10,10,10,0,2,62,NF,15,15,15,15,10,10,0,0,80,NF,15,15,15,15,10,10,0,0,80,NF,15,15,15,15,10,15,0,0,85,NF,15,15,15,15,15,15,0,0,90,NF,15,15,15,15,15,15,1,1,92,NF,26,28,26,80,NF,29,28,23,80,NF,29,27,24,80,NF,29,28,23,80,NF,28,28,23,79,NF,28,30,24,82,NF,28,29,24,81,NF,28,29,25,82,NF,28,30,25,83,NF,28,30,25,83,NF,29,30,25,84,NF,29,30,25,84,NF,29,29,25,83,NF,29,29,25,83,NF,29,32,25,86,NF,29,32,25,86,NF
Senegal,PF,PF,PF,PF,PF,PF,PF,PF,PF,PF,PF,PF,PF,PF,PF,PF,PF,PF,PF,PF,PF,9,9,10,7,8,7,3,3,56,PF,8,6,8,7,8,5,1,5,48,PF,8,6,4,5,0,6,0,2,31,PF,8,6,4,6,0,9,1,3,37,PF,8,6,4,6,0,9,0,0,33,PF,8,6,4,6,0,9,0,0,33,PF,8,6,4,6,0,9,0,0,33,PF,8,5,4,3,3,9,0,2,34,PF,19,14,6,39,PF,15,14,9,38,PF,12,16,9,37,PF,10,15,12,37,PF,12,20,12,44,PF,13,21,12,46,PF,16,20,13,49,PF,18,21,14,53,PF,20,22,15,57,PF,20,20,14,54,PF,21,20,14,55,PF,20,18,14,52,PF,18,16,14,48,PF,18,16,14,48,PF,19,16,14,49,PF,18,15,14,47,PF
Serbia,-,-,-,-,-,-,-,-,-,-,-,-,-,-,-,-,-,-,-,-,-,-,-,-,-,-,-,-,-,-,-,-,-,-,-,-,-,-,-,-,-,-,-,-,-,-,-,-,-,-,-,-,-,-,-,-,-,-,-,-,-,-,-,-,-,-,-,-,-,-,-,-,-,-,-,-,-,-,-,-,-,-,-,-,-,-,-,-,-,-,-,-,-,-,-,-,-,-,-,-,-,-,-,-,-,-,-,-,-,-,-,-,-,-,-,-,-,-,-,-,-,-,-,-,-,-,13,17,9,39,PF,13,17,9,39,PF,13,17,9,39,PF,11,16,8,35,PF,9,15,9,33,PF,9,15,11,35,PF,9,16,11,36,PF,9,16,12,37,PF,11,17,12,40,PF,12,21,12,45,PF,15,21,13,49,PF
Serbia and Montenegro,-,-,-,-,-,-,-,-,-,-,-,-,-,-,-,-,-,-,-,-,-,10,10,10,9,10,10,12,15,86,NF,10,10,10,9,5,10,13,20,87,NF,10,10,10,10,7,10,0,20,77,NF,12,12,12,12,7,10,5,5,75,NF,12,12,12,12,7,10,5,5,75,NF,13,13,13,13,8,11,5,5,81,NF,13,13,14,12,8,11,5,5,81,NF,8,10,7,9,7,9,3,3,56,PF,11,20,14,45,PF,10,18,12,40,PF,12,16,12,40,PF,12,17,11,40,PF,12,17,11,40,PF,-,-,-,-,-,-,-,-,-,-,-,-,-,-,-,-,-,-,-,-,-,-,-,-,-,-,-,-,-,-,-,-,-,-,-,-,-,-,-,-,-,-,-,-,-,-,-,-,-,-,-,-,-,-,-
Seychelles,NF,NF,NF,NF,NF,NF,NF,NF,NF,NF,NF,NF,NF,NF,NF,NF,NF,NF,NF,NF,PF,8,10,6,2,8,6,2,2,44,PF,8,8,8,8,5,9,5,6,57,PF,10,10,10,10,3,7,0,0,50,PF,10,10,10,10,3,7,0,0,50,PF,10,10,10,10,3,7,0,0,50,PF,10,10,10,10,3,7,0,0,50,PF,10,10,10,10,3,6,0,1,50,PF,13,8,10,10,3,6,0,1,51,PF,25,12,14,51,PF,17,16,17,50,PF,17,17,18,52,PF,21,19,18,58,PF,20,21,19,60,PF,20,21,19,60,PF,20,20,19,59,PF,20,20,19,59,PF,19,20,19,58,PF,17,20,19,56,PF,17,20,19,56,PF,17,20,19,56,PF,16,19,17,52,PF,16,17,17,50,PF,16,16,17,49,PF,16,16,17,49,PF
Sierra Leone,NF,NF,NF,NF,NF,NF,PF,NF,PF,NF,PF,NF,PF,NF,PF,NF,NF,NF,PF,PF,NF,9,10,10,9,10,10,8,15,81,NF,10,10,9,10,8,8,3,14,72,NF,10,10,10,10,5,10,0,20,75,NF,15,15,10,15,5,10,0,5,75,NF,15,15,10,15,5,10,5,5,80,NF,15,15,15,15,5,10,0,5,80,NF,15,15,15,15,5,10,5,5,85,NF,13,12,13,12,5,13,2,5,75,NF,13,28,21,62,NF,17,26,18,61,NF,18,20,20,58,PF,20,21,18,59,PF,19,22,18,59,PF,17,21,18,56,PF,18,23,18,59,PF,16,23,17,56,PF,15,23,17,55,PF,15,22,16,53,PF,14,19,16,49,PF,14,19,16,49,PF,14,19,16,49,PF,15,19,16,50,PF,16,21,16,53,PF,18,20,16,54,PF
Singapore,NF,NF,NF,NF,NF,NF,NF,NF,NF,NF,PF,NF,PF,NF,PF,NF,PF,PF,PF,PF,PF,9,9,9,8,7,9,1,8,60,PF,9,9,9,9,8,8,3,10,65,NF,10,10,8,10,7,10,0,6,61,NF,13,13,8,10,7,15,0,0,66,NF,13,13,8,10,7,15,0,0,66,NF,13,13,8,10,7,15,0,0,66,NF,13,13,8,10,7,15,0,0,66,NF,13,13,10,10,7,15,0,0,68,NF,26,22,20,68,NF,24,21,21,66,NF,23,22,19,64,NF,23,24,19,66,NF,23,24,19,66,NF,24,24,21,69,NF,24,24,21,69,NF,24,23,21,68,NF,24,23,21,68,NF,24,23,21,68,NF,24,22,21,67,NF,24,22,21,67,NF,24,22,21,67,NF,24,22,21,67,NF,24,22,21,67,NF,24,22,21,67,NF
Slovakia,-,-,-,-,-,-,-,-,-,-,-,-,-,-,-,-,-,-,-,-,-,3,3,8,5,4,7,9,8,47,PF,5,5,9,9,5,7,7,8,55,PF,10,6,8,5,3,7,0,2,41,PF,10,8,10,7,4,7,1,2,49,PF,10,8,10,7,4,7,0,1,47,PF,8,8,3,3,4,4,0,0,30,F,7,8,3,3,4,4,0,1,30,F,5,6,3,3,4,4,0,1,26,F,10,5,7,22,F,9,6,6,21,F,8,7,6,21,F,5,9,7,21,F,5,8,7,20,F,5,8,7,20,F,6,9,7,22,F,7,9,7,23,F,7,9,7,23,F,6,9,7,22,F,5,9,7,21,F,6,9,7,22,F,7,9,7,23,F,7,9,8,24,F,7,9,8,24,F,8,9,9,26,F
Slovenia,-,-,-,-,-,-,-,-,-,-,-,-,-,-,-,-,-,-,-,-,PF,2,2,6,6,8,8,4,4,40,PF,2,2,6,6,6,5,5,5,37,PF,4,2,6,4,3,8,0,0,27,F,4,2,6,4,3,8,0,1,28,F,4,2,6,4,3,8,0,0,27,F,4,2,6,4,3,8,0,0,27,F,4,2,6,4,3,8,0,0,27,F,4,2,5,3,3,4,0,0,21,F,2,5,13,20,F,3,6,10,19,F,3,9,7,19,F,3,9,7,19,F,4,9,7,20,F,5,9,7,21,F,6,10,7,23,F,7,10,7,24,F,8,10,7,25,F,8,10,7,25,F,8,10,7,25,F,6,11,7,24,F,6,11,7,24,F,7,10,8,25,F,6,8,9,23,F,6,8,9,23,F
Solomon Islands,-,-,-,-,-,-,-,-,-,-,-,-,-,-,-,-,-,-,-,-,-,2,2,2,2,2,2,2,8,22,F,3,3,3,3,3,3,0,0,18,F,3,2,3,2,0,3,0,0,13,F,3,2,4,2,0,3,0,0,14,F,3,2,4,2,0,3,0,0,14,F,3,2,4,2,0,3,0,2,16,F,3,2,6,4,0,3,0,0,18,F,3,2,7,5,1,3,0,1,22,F,3,6,15,24,F,3,11,11,25,F,4,14,12,30,F,5,14,11,30,F,5,14,11,30,F,5,14,11,30,F,5,14,11,30,F,5,14,11,30,F,5,13,11,29,F,6,12,11,29,F,6,11,11,28,F,6,11,11,28,F,6,11,11,28,F,6,11,11,28,F,5,11,11,27,F,5,11,11,27,F
Somalia,NF,NF,NF,NF,NF,NF,NF,NF,NF,NF,NF,NF,NF,NF,NF,NF,NF,NF,NF,NF,NF,-,-,-,-,-,-,-,-,-,NF,-,-,-,-,-,-,-,-,-,NF,10,10,10,10,10,10,5,14,79,NF,15,15,15,15,13,13,0,0,86,NF,15,15,15,15,13,13,0,0,86,NF,15,15,15,15,13,13,0,2,88,NF,15,15,15,15,13,13,0,2,88,NF,14,13,15,15,13,13,1,2,86,NF,26,36,26,88,NF,23,35,22,80,NF,24,33,23,80,NF,26,33,24,83,NF,26,33,24,83,NF,27,34,24,85,NF,27,35,22,84,NF,27,35,22,84,NF,27,35,22,84,NF,27,35,22,84,NF,27,35,22,84,NF,27,35,22,84,NF,26,34,22,82,NF,25,34,20,79,NF,25,34,20,79,NF,25,34,20,79,NF
Somaliland,,,,,,,,,,,,,,,,,,,,,,,,,,,,,,,,,,,,,,,,,,,,,,,,,,,,,,,,,,,,,,,,,,,,,,,,,,,,,,,,,,,,,,,,,,,,,,,,,,,,,,,,,,,,,,,,,,,,,,,,,,,,,,,,,,,,,,,,,,,,,,,,,,,,,,,,,,,,,,,,,,,,,,,14,21,19,54,PF,14,21,19,54,PF,13,21,19,53,PF
South Africa,PF,NF,PF,NF,PF,NF,PF,NF,PF,NF,PF,NF,PF,NF,PF,NF,NF,PF,PF,PF,PF,7,7,2,2,1,4,5,10,38,PF,5,3,3,4,1,3,0,11,30,F,6,2,5,3,2,6,2,4,30,F,6,2,7,5,1,3,0,3,27,F,6,2,7,5,1,3,1,3,28,F,6,2,7,5,1,3,1,3,28,F,6,2,7,5,1,3,0,1,25,F,5,2,6,3,3,3,0,1,23,F,4,9,10,23,F,6,9,10,25,F,7,8,9,24,F,7,10,9,26,F,7,11,9,27,F,7,12,9,28,F,7,12,9,28,F,9,12,9,30,F,9,13,10,32,PF,9,14,10,33,PF,10,14,10,34,PF,10,15,10,35,PF,9,14,10,33,PF,10,17,10,37,PF,9,17,10,36,PF,8,20,10,38,PF
South Korea,PF,PF,NF,NF,PF,NF,PF,NF,PF,NF,PF,NF,PF,NF,PF,NF,F,F,F,F,F,2,1,8,8,2,5,2,1,29,F,2,1,8,8,2,5,1,1,28,F,2,4,2,6,0,2,0,6,22,F,2,4,6,8,0,5,0,0,25,F,2,4,7,10,0,5,0,0,28,F,2,4,7,9,0,5,0,1,28,F,2,4,7,9,0,5,0,0,27,F,2,3,7,7,2,5,0,1,27,F,3,11,16,30,F,7,10,12,29,F,8,11,10,29,F,8,11,10,29,F,9,11,10,30,F,9,11,10,30,F,9,12,9,30,F,9,12,9,30,F,9,12,9,30,F,9,14,9,32,PF,9,14,9,32,PF,9,13,9,31,PF,9,14,9,32,PF,10,14,9,33,PF,10,14,9,33,PF,11,14,9,34,PF
South Sudan,-,-,-,-,-,-,-,-,-,-,-,-,-,-,-,-,-,-,-,-,-,-,-,-,-,-,-,-,-,-,-,-,-,-,-,-,-,-,-,-,-,-,-,-,-,-,-,-,-,-,-,-,-,-,-,-,-,-,-,-,-,-,-,-,-,-,-,-,-,-,-,-,-,-,-,-,-,-,-,-,-,-,-,-,-,-,-,-,-,-,-,-,-,-,-,-,-,-,-,-,-,-,-,-,-,-,-,-,-,-,-,-,-,-,-,-,-,-,-,-,-,-,-,-,-,-,-,-,-,-,-,-,-,-,-,-,-,-,-,-,-,-,-,-,-,-,-,-,-,-,-,16,26,17,59,PF,16,27,17,60,PF,16,29,17,62,NF,18,33,17,68,NF,18,31,17,66,NF,19,33,18,70,NF
Spain,F,F,F,F,F,F,F,F,F,F,F,F,F,F,F,F,F,F,F,F,F,1,1,3,2,2,3,1,1,14,F,1,1,3,3,3,8,0,4,23,F,5,1,5,2,0,4,0,0,17,F,5,1,5,2,0,4,1,1,19,F,5,1,5,2,0,4,0,0,17,F,5,1,5,2,0,4,3,1,21,F,5,1,5,2,0,4,0,1,18,F,4,1,4,2,2,4,1,2,20,F,1,9,7,17,F,1,8,7,16,F,3,10,6,19,F,4,13,5,22,F,4,12,5,21,F,4,13,5,22,F,5,13,5,23,F,5,14,5,24,F,5,14,5,24,F,4,13,6,23,F,4,14,6,24,F,5,14,8,27,F,6,14,8,28,F,6,14,8,28,F,6,14,8,28,F,6,14,8,28,F
Sri Lanka,F,F,F,F,F,PF,PF,PF,PF,PF,PF,PF,PF,PF,PF,PF,PF,PF,PF,PF,PF,5,5,5,7,5,8,3,5,43,PF,5,5,6,6,6,6,0,7,41,PF,6,6,2,8,2,5,2,15,46,PF,6,6,12,11,5,7,5,2,54,PF,6,6,12,11,5,7,0,3,50,PF,9,9,12,11,5,7,0,5,58,PF,9,9,15,15,5,7,5,5,70,NF,11,11,13,13,7,9,5,5,74,NF,17,29,17,63,NF,11,27,14,52,PF,15,22,16,53,PF,15,24,17,56,PF,15,26,17,58,PF,17,29,17,63,NF,19,31,17,67,NF,21,32,17,70,NF,23,32,17,72,NF,23,30,18,71,NF,23,31,18,72,NF,23,32,19,74,NF,23,33,20,76,NF,23,33,20,76,NF,19,26,19,64,NF,17,25,19,61,NF
Sudan,NF,NF,NF,NF,NF,NF,NF,NF,NF,NF,NF,NF,PF,NF,PF,NF,PF,NF,NF,NF,NF,7,7,10,10,10,10,17,17,88,NF,10,10,10,10,10,10,0,16,76,NF,10,10,10,10,10,10,0,20,80,NF,15,15,15,13,5,13,5,4,85,NF,15,15,15,15,7,13,0,5,85,NF,15,15,15,15,7,13,0,5,85,NF,15,15,15,15,7,13,0,5,85,NF,15,15,15,15,7,13,0,5,85,NF,26,36,25,87,NF,26,35,23,84,NF,27,33,25,85,NF,28,33,25,86,NF,27,32,26,85,NF,27,30,24,81,NF,26,29,23,78,NF,27,29,22,78,NF,26,28,22,76,NF,26,30,22,78,NF,26,31,21,78,NF,26,32,22,80,NF,26,33,22,81,NF,26,33,22,81,NF,25,36,24,85,NF,26,36,24,86,NF
Suriname,F,F,NF,NF,NF,NF,NF,NF,NF,NF,NF,NF,NF,NF,PF,NF,F,PF,PF,PF,PF,2,2,5,5,7,7,10,5,43,PF,2,2,5,7,7,7,5,10,45,PF,6,4,4,7,4,6,0,0,31,PF,6,4,4,7,4,6,0,0,31,PF,6,4,4,7,4,6,0,0,31,PF,6,4,4,6,4,6,1,0,31,PF,6,4,4,7,4,6,0,0,31,PF,6,4,3,4,4,6,0,1,28,F,0,11,14,25,F,0,12,14,26,F,2,10,6,18,F,2,11,7,20,F,4,12,7,23,F,5,11,6,22,F,5,12,6,23,F,5,12,6,23,F,4,12,7,23,F,4,12,7,23,F,4,12,7,23,F,6,12,6,24,F,8,13,7,28,F,8,14,7,29,F,8,13,7,28,F,8,13,7,28,F
Swaziland,NF,NF,NF,NF,NF,NF,NF,NF,NF,NF,NF,NF,NF,NF,NF,NF,NF,NF,NF,PF,PF,7,9,9,8,10,9,10,10,72,NF,7,9,9,8,10,9,10,11,73,NF,9,10,10,10,0,10,0,20,69,NF,13,13,15,14,0,13,1,0,69,NF,15,15,15,14,0,13,0,3,75,NF,15,15,15,14,0,13,0,3,75,NF,15,15,15,14,0,13,0,5,77,NF,15,15,15,14,0,13,0,5,77,NF,26,26,25,77,NF,23,26,25,74,NF,23,28,26,77,NF,25,28,26,79,NF,25,27,25,77,NF,25,26,25,76,NF,25,26,25,76,NF,25,26,25,76,NF,24,27,25,76,NF,24,27,25,76,NF,24,27,25,76,NF,24,28,25,77,NF,25,28,25,78,NF,25,28,26,79,NF,25,30,27,82,NF,26,30,27,83,NF
Sweden,F,F,F,F,F,F,F,F,F,F,F,F,F,F,F,F,F,F,F,F,F,1,2,1,2,2,1,1,1,11,F,2,2,1,1,2,2,0,0,10,F,2,2,1,1,2,2,0,0,10,F,2,2,1,1,2,2,0,0,10,F,2,2,1,1,2,2,0,0,10,F,2,2,1,1,2,2,0,0,10,F,2,2,1,1,2,2,0,1,11,F,2,2,1,1,2,2,0,0,10,F,1,2,5,8,F,1,2,5,8,F,2,2,4,8,F,2,3,4,9,F,2,4,4,10,F,2,5,4,11,F,2,5,4,11,F,2,5,4,11,F,2,4,4,10,F,2,5,4,11,F,2,4,4,10,F,2,4,4,10,F,2,4,4,10,F,2,4,4,10,F,2,5,4,11,F,2,5,4,11,F
Switzerland,F,F,F,F,F,F,F,F,F,F,F,F,F,F,F,F,F,F,F,F,F,2,2,1,1,1,2,1,1,11,F,2,2,1,1,1,2,0,1,10,F,2,2,1,1,1,1,0,0,8,F,2,2,1,1,1,1,0,1,9,F,2,2,1,1,1,1,0,0,8,F,2,2,1,1,1,1,0,0,8,F,2,2,1,1,1,1,0,0,8,F,2,2,1,1,1,1,0,0,8,F,1,2,5,8,F,2,3,5,10,F,2,2,5,9,F,3,3,5,11,F,3,3,5,11,F,4,3,5,12,F,5,3,5,13,F,5,3,5,13,F,5,3,5,13,F,5,3,5,13,F,4,3,5,12,F,4,3,5,12,F,4,3,5,12,F,4,4,5,13,F,4,4,5,13,F,4,4,5,13,F
Syria,NF,NF,NF,NF,NF,NF,NF,NF,NF,NF,NF,NF,NF,NF,NF,NF,NF,NF,NF,NF,NF,10,10,10,10,9,10,8,8,75,NF,10,10,10,10,10,10,5,10,75,NF,10,10,10,10,5,5,5,20,75,NF,15,15,15,15,7,7,0,1,75,NF,15,15,15,15,7,7,0,0,74,NF,15,15,15,15,7,7,0,0,74,NF,15,15,15,13,7,7,0,1,73,NF,15,15,15,12,7,7,0,0,71,NF,24,30,24,78,NF,25,33,22,80,NF,28,32,20,80,NF,29,34,20,83,NF,29,33,22,84,NF,29,33,21,83,NF,29,33,21,83,NF,29,33,21,83,NF,29,33,21,83,NF,29,34,21,84,NF,29,38,22,89,NF,29,37,22,88,NF,29,38,22,89,NF,29,38,23,90,NF,29,38,23,90,NF,29,38,23,90,NF
Taiwan,PF,PF,PF,PF,PF,PF,PF,PF,PF,PF,PF,PF,PF,PF,PF,PF,PF,PF,PF,PF,PF,3,4,9,2,6,1,2,2,29,F,3,1,6,4,4,3,8,1,30,F,3,1,6,4,4,4,8,0,30,F,5,2,7,5,4,4,0,1,28,F,5,2,6,4,4,4,0,0,25,F,5,2,6,4,4,4,0,0,25,F,4,1,5,3,4,4,0,0,21,F,4,1,5,3,4,4,0,1,22,F,8,6,7,21,F,9,8,7,24,F,9,7,7,23,F,8,6,7,21,F,7,7,6,20,F,7,7,6,20,F,7,7,6,20,F,7,9,7,23,F,7,9,8,24,F,7,9,9,25,F,8,9,8,25,F,9,9,8,26,F,9,9,8,26,F,9,10,8,27,F,9,9,8,26,F,9,8,8,25,F
Tajikistan,-,-,-,-,-,-,-,-,-,-,-,-,-,-,-,-,-,-,-,-,NF,10,10,10,10,10,10,15,18,93,NF,10,10,10,10,10,10,17,16,93,NF,10,10,10,10,10,10,18,18,96,NF,15,15,15,15,15,15,5,0,95,NF,15,15,15,15,15,15,2,2,94,NF,15,15,15,15,15,15,2,2,94,NF,15,15,15,15,15,15,0,4,94,NF,13,10,13,11,14,13,5,0,79,NF,29,27,24,80,NF,26,26,24,76,NF,24,27,22,73,NF,24,27,23,74,NF,24,28,24,76,NF,24,28,24,76,NF,25,28,24,77,NF,25,28,25,78,NF,25,28,25,78,NF,25,28,25,78,NF,25,29,25,79,NF,25,29,25,79,NF,25,30,25,80,NF,25,32,25,82,NF,26,32,25,83,NF,28,33,26,87,NF
Tanzania,NF,NF,NF,NF,NF,NF,NF,NF,NF,NF,NF,NF,NF,NF,NF,NF,NF,NF,NF,NF,PF,7,8,9,8,5,4,7,12,60,PF,7,7,6,6,5,4,4,10,49,PF,9,8,9,8,3,7,0,5,49,PF,11,10,9,8,3,7,0,1,49,PF,11,10,7,8,2,6,0,4,48,PF,11,10,7,8,2,6,3,4,51,PF,11,10,8,8,2,6,0,4,49,PF,11,10,8,8,2,6,0,4,49,PF,18,18,13,49,PF,18,16,13,47,PF,18,17,15,50,PF,18,18,15,51,PF,16,19,15,50,PF,16,20,15,51,PF,15,18,15,48,PF,16,19,15,50,PF,17,18,15,50,PF,17,16,15,48,PF,18,16,15,49,PF,18,18,15,51,PF,18,22,15,55,PF,18,21,15,54,PF,18,22,15,55,PF,21,22,15,58,PF
Thailand,PF,NF,PF,NF,PF,NF,PF,NF,PF,NF,PF,NF,PF,PF,PF,PF,PF,PF,F,PF,F,5,5,10,7,8,7,9,3,54,PF,5,3,10,5,8,7,5,6,49,PF,6,5,6,3,2,5,0,4,31,PF,7,5,7,5,2,5,0,3,34,PF,7,5,7,5,2,5,0,0,31,PF,7,5,7,3,2,5,0,1,30,F,7,5,6,3,2,5,0,2,30,F,7,5,6,3,2,5,0,1,29,F,10,9,11,30,F,12,12,12,36,PF,12,15,12,39,PF,13,17,12,42,PF,15,21,14,50,PF,20,25,14,59,PF,17,24,15,56,PF,16,27,14,57,PF,17,27,14,58,PF,19,28,15,62,NF,20,24,16,60,PF,21,25,16,62,NF,21,27,16,64,NF,27,31,17,75,NF,27,33,17,77,NF,27,33,17,77,NF
The Gambia,F,F,F,F,F,F,F,F,F,F,F,F,F,F,F,F,PF,F,F,F,F,5,4,3,3,0,3,3,3,24,F,10,10,8,10,1,3,5,16,63,NF,10,10,8,10,1,3,5,15,62,NF,15,10,15,15,1,3,1,5,65,NF,15,10,15,15,1,3,1,5,65,NF,15,15,15,15,1,3,1,5,70,NF,15,15,15,15,1,4,0,5,70,NF,14,12,12,13,7,10,1,1,70,NF,18,29,18,65,NF,20,27,18,65,NF,20,25,18,63,NF,22,31,19,72,NF,24,30,19,73,NF,24,33,20,77,NF,25,34,20,79,NF,25,34,20,79,NF,26,35,20,81,NF,26,35,20,81,NF,26,35,20,81,NF,28,35,20,83,NF,28,35,20,83,NF,27,34,20,81,NF,29,36,22,87,NF,29,35,23,87,NF
Timor-Leste,-,-,-,-,-,-,-,-,-,-,-,-,-,-,-,-,-,-,-,-,-,-,-,-,-,-,-,-,-,-,-,-,-,-,-,-,-,-,-,-,-,-,-,-,-,-,-,-,-,-,-,-,-,-,-,-,-,-,-,-,-,-,-,-,-,-,-,-,-,-,-,-,-,-,-,-,-,-,-,-,-,-,-,-,-,-,-,-,-,-,-,3,3,3,3,4,5,0,0,21,F,6,9,6,21,F,3,8,11,22,F,6,11,12,29,F,7,14,9,30,F,11,16,12,39,PF,12,17,13,42,PF,12,13,13,38,PF,12,12,13,37,PF,11,11,13,35,PF,11,11,13,35,PF,11,11,13,35,PF,11,11,13,35,PF,11,11,13,35,PF,11,11,13,35,PF,11,11,13,35,PF,11,11,13,35,PF
Togo,NF,NF,NF,NF,NF,NF,NF,NF,NF,NF,NF,NF,NF,NF,NF,NF,NF,NF,NF,PF,NF,7,9,7,8,10,10,15,19,85,NF,7,9,10,10,10,10,0,11,67,NF,10,10,10,10,0,10,0,20,70,NF,15,15,14,15,0,10,0,1,70,NF,15,15,14,15,0,10,0,4,73,NF,15,15,14,15,0,10,0,4,73,NF,15,15,14,15,0,10,0,5,74,NF,15,12,14,13,3,10,0,5,72,NF,28,21,19,68,NF,26,27,21,74,NF,25,32,21,78,NF,21,31,21,73,NF,23,34,21,78,NF,22,31,21,74,NF,23,29,22,74,NF,23,27,22,72,NF,24,28,22,74,NF,23,28,22,73,NF,22,26,21,69,NF,22,27,21,70,NF,20,25,20,65,NF,19,23,20,62,NF,19,21,20,60,PF,18,19,20,57,PF
Tonga,NF,NF,NF,NF,NF,NF,PF,PF,PF,PF,PF,PF,PF,PF,PF,PF,NF,PF,PF,PF,PF,2,2,9,4,5,8,1,5,35,PF,3,3,8,4,8,8,0,3,37,PF,8,4,8,8,0,7,0,0,35,PF,10,6,8,8,0,7,0,2,41,PF,10,6,8,7,0,7,0,1,39,PF,10,6,8,7,0,7,0,1,39,PF,8,6,8,7,0,7,0,0,36,PF,8,6,8,7,0,7,0,0,36,PF,18,12,6,36,PF,12,11,9,32,PF,16,17,11,44,PF,11,15,11,37,PF,10,11,11,32,PF,11,11,9,31,PF,11,10,10,31,PF,11,11,10,32,PF,11,11,10,32,PF,11,10,10,31,PF,10,9,10,29,F,10,9,10,29,F,10,9,10,29,F,10,9,10,29,F,10,9,10,29,F,10,10,10,30,F
Transkei,NF,NF,NF,NF,NF,NF,NF,NF,NF,NF,NF,NF,NF,NF,NF,NF,-,-,-,-,-,-,-,-,-,-,-,-,-,-,-,-,-,-,-,-,-,-,-,-,-,-,-,-,-,-,-,-,-,-,-,-,-,-,-,-,-,-,-,-,-,-,-,-,-,-,-,-,-,-,-,-,-,-,-,-,-,-,-,-,-,-,-,-,-,-,-,-,-,-,-,-,-,-,-,-,-,-,-,-,-,-,-,-,-,-,-,-,-,-,-,-,-,-,-,-,-,-,-,-,-,-,-,-,-,-,-,-,-,-,-,-,-,-,-,-,-,-,-,-,-,-,-,-,-,-,-,-,-,-,-,-,-,-,-,-,-,-,-,-,-,-,-,-,-,-,-,-,-,-,-,-,-,-,-,-,-,-,-,-,-
Trinidad and Tobago,F,F,F,F,F,F,F,F,F,F,F,F,F,F,F,F,F,F,F,F,F,3,3,6,3,4,8,1,1,29,F,2,2,6,3,4,7,0,1,25,F,5,3,6,4,2,6,0,0,26,F,5,3,6,4,2,6,0,4,30,F,6,4,6,4,2,6,0,0,28,F,6,4,6,4,2,6,0,0,28,F,6,4,6,4,2,6,0,0,28,F,6,4,6,4,2,6,0,0,28,F,4,17,9,30,F,4,11,10,25,F,6,10,9,25,F,4,11,9,24,F,6,12,8,26,F,5,11,8,24,F,6,10,7,23,F,6,10,7,23,F,6,10,7,23,F,6,11,7,24,F,6,11,8,25,F,6,12,8,26,F,6,11,8,25,F,7,12,8,27,F,7,12,8,27,F,7,11,7,25,F
Tunisia,PF,NF,PF,NF,PF,NF,PF,NF,PF,NF,PF,NF,PF,NF,PF,NF,NF,PF,PF,PF,PF,9,9,10,9,7,8,2,5,59,PF,9,9,10,9,10,8,2,7,64,NF,10,10,10,10,0,10,0,20,70,NF,15,15,15,15,0,9,0,1,70,NF,15,15,15,15,0,9,0,5,74,NF,15,15,15,15,0,9,0,5,74,NF,15,15,15,15,0,9,0,5,74,NF,15,13,15,14,0,12,0,5,74,NF,26,25,22,73,NF,27,28,23,78,NF,27,30,23,80,NF,26,30,24,80,NF,28,31,24,83,NF,28,31,24,83,NF,27,30,24,81,NF,27,31,24,82,NF,27,33,25,85,NF,27,33,25,85,NF,18,17,16,51,PF,18,18,16,52,PF,18,19,16,53,PF,16,16,16,48,PF,17,18,17,52,PF,18,18,18,54,PF
Turkey,F,PF,PF,NF,PF,NF,PF,NF,PF,NF,PF,NF,PF,NF,PF,NF,PF,PF,PF,PF,PF,7,9,8,7,4,7,4,13,59,PF,7,9,8,7,4,7,11,20,73,NF,7,8,9,9,3,8,10,20,74,NF,11,12,13,12,3,8,1,5,65,NF,11,12,13,12,3,8,5,5,69,NF,11,12,13,12,3,8,5,5,69,NF,11,11,11,9,3,8,0,5,58,PF,11,11,11,9,3,8,0,5,58,PF,26,23,9,58,PF,23,23,9,55,PF,18,23,11,52,PF,16,21,11,48,PF,17,20,11,48,PF,19,19,11,49,PF,20,20,11,51,PF,21,18,11,50,PF,22,18,11,51,PF,22,21,11,54,PF,22,22,11,55,PF,21,24,11,56,PF,23,26,13,62,NF,24,27,14,65,NF,26,30,15,71,NF,27,33,16,76,NF
Turkmenistan,-,-,-,-,-,-,-,-,-,-,-,-,-,-,-,-,-,-,-,-,NF,10,10,10,10,10,10,10,19,89,NF,10,10,10,10,10,10,10,14,84,NF,10,10,10,10,10,10,12,12,84,NF,15,15,15,15,11,11,0,2,84,NF,15,15,15,15,12,12,0,0,84,NF,15,15,15,15,12,12,1,0,85,NF,15,15,15,15,13,13,0,0,86,NF,15,15,15,15,13,13,3,0,89,NF,28,33,30,91,NF,30,33,29,92,NF,30,36,29,95,NF,30,37,29,96,NF,30,37,29,96,NF,30,37,29,96,NF,30,37,29,96,NF,30,37,29,96,NF,30,36,29,95,NF,30,37,29,96,NF,30,37,29,96,NF,30,37,29,96,NF,30,36,29,95,NF,30,36,29,95,NF,30,37,29,96,NF,30,38,30,98,NF
Tuvalu,-,-,-,-,-,-,-,-,-,-,-,-,-,-,-,-,-,-,-,-,-,-,-,-,-,-,-,-,-,-,-,-,-,-,-,-,-,-,-,-,-,-,-,-,-,-,-,-,-,-,-,-,-,-,-,-,-,-,-,-,-,-,-,-,-,-,-,-,-,-,-,-,-,-,-,-,-,-,-,-,-,-,-,-,-,-,-,-,-,-,-,-,-,-,-,-,-,-,-,-,-,-,-,-,-,-,0,2,14,16,F,1,6,12,19,F,1,7,12,20,F,3,11,12,26,F,3,11,12,26,F,3,11,12,26,F,3,11,12,26,F,3,11,12,26,F,3,11,12,26,F,3,11,12,26,F,3,11,12,26,F,3,11,13,27,F,3,11,13,27,F,3,11,13,27,F,3,11,13,27,F
Uganda,NF,NF,PF,PF,NF,NF,NF,NF,PF,NF,PF,NF,PF,NF,PF,NF,NF,NF,NF,NF,NF,10,10,10,9,10,10,10,15,84,NF,4,4,7,6,6,6,0,5,38,PF,8,6,7,8,0,3,0,6,38,PF,10,8,7,8,0,3,0,2,38,PF,10,8,7,8,0,3,0,4,40,PF,10,8,7,10,0,3,0,2,40,PF,10,8,7,10,0,3,0,2,40,PF,10,8,7,4,4,5,1,1,40,PF,14,15,13,42,PF,15,16,14,45,PF,16,17,11,44,PF,15,17,12,44,PF,19,20,13,52,PF,20,21,13,54,PF,20,20,13,53,PF,20,20,13,53,PF,20,20,14,54,PF,19,21,14,54,PF,19,24,14,57,PF,19,22,14,55,PF,19,24,15,58,PF,19,23,14,56,PF,18,24,15,57,PF,18,25,15,58,PF
Ukraine,-,-,-,-,-,-,-,-,-,-,-,-,-,-,-,-,-,-,-,-,PF,9,5,7,4,9,8,1,1,44,PF,9,5,7,5,8,7,1,0,42,PF,8,4,4,5,2,6,0,10,39,PF,10,8,7,7,4,8,4,1,49,PF,10,8,7,7,4,8,0,5,49,PF,10,8,7,7,4,8,1,5,50,PF,10,8,10,9,5,8,5,5,60,PF,10,8,10,9,5,10,3,5,60,PF,23,26,11,60,PF,15,29,23,67,NF,15,29,24,68,NF,15,21,23,59,PF,13,19,21,53,PF,13,19,21,53,PF,14,19,20,53,PF,15,20,20,55,PF,15,18,20,53,PF,16,20,20,56,PF,18,21,20,59,PF,19,21,20,60,PF,19,24,20,63,NF,14,26,18,58,PF,13,24,16,53,PF,13,25,15,53,PF
United Arab Emirates,PF,NF,PF,NF,PF,NF,PF,NF,PF,NF,PF,NF,PF,NF,PF,NF,NF,NF,NF,NF,NF,9,9,10,8,10,10,5,15,76,NF,10,10,10,9,9,9,10,10,77,NF,10,10,10,10,10,10,8,8,76,NF,15,15,15,15,6,10,0,0,76,NF,15,15,15,15,6,10,0,0,76,NF,15,15,15,15,6,10,0,0,76,NF,15,15,15,15,6,10,0,0,76,NF,15,15,15,15,6,10,0,0,76,NF,26,23,25,74,NF,24,27,23,74,NF,27,25,23,75,NF,26,24,22,72,NF,23,22,20,65,NF,23,23,22,68,NF,23,23,22,68,NF,23,23,23,69,NF,24,24,23,71,NF,24,24,23,71,NF,24,25,23,72,NF,24,27,23,74,NF,25,28,23,76,NF,25,28,23,76,NF,25,30,23,78,NF,25,30,23,78,NF
United Kingdom,F,F,F,F,F,F,F,F,F,F,F,F,F,F,F,F,F,F,F,F,F,4,4,3,3,2,3,2,3,24,F,4,4,3,3,2,3,1,2,22,F,4,3,1,3,1,6,0,4,22,F,4,3,3,4,1,6,0,1,22,F,4,3,3,4,1,6,0,0,21,F,4,3,3,3,1,6,0,0,20,F,4,3,3,3,1,6,0,0,20,F,3,2,3,2,3,4,0,0,17,F,4,7,7,18,F,6,5,7,18,F,4,8,7,19,F,5,7,6,18,F,5,7,7,19,F,5,8,6,19,F,6,7,5,18,F,6,8,5,19,F,6,8,5,19,F,6,8,5,19,F,7,9,5,21,F,7,9,5,21,F,8,10,5,23,F,9,9,6,24,F,9,9,7,25,F,9,9,7,25,F
United States,F,F,F,F,F,F,F,F,F,F,F,F,F,F,F,F,F,F,F,F,F,1,1,1,1,3,3,1,1,12,F,1,1,1,1,3,2,0,3,12,F,1,1,1,1,2,4,0,4,14,F,2,2,1,1,2,4,0,2,14,F,1,1,1,1,2,4,0,2,12,F,1,1,2,2,3,4,0,0,13,F,1,1,2,2,3,3,0,1,13,F,1,1,2,2,3,4,1,1,15,F,3,6,7,16,F,5,6,6,17,F,3,6,4,13,F,5,7,5,17,F,6,6,4,16,F,6,6,4,16,F,5,8,4,17,F,5,8,5,18,F,5,8,5,18,F,4,8,5,17,F,3,10,5,18,F,3,10,5,18,F,6,10,5,21,F,6,11,5,22,F,6,10,5,21,F,6,12,5,23,F
Uruguay,NF,NF,PF,PF,PF,PF,PF,PF,PF,PF,F,F,F,F,F,F,F,F,F,F,F,3,3,3,4,3,3,1,3,23,F,4,5,2,3,1,2,4,4,25,F,5,5,5,5,2,3,0,0,25,F,6,6,5,5,2,3,1,1,29,F,7,6,5,5,2,4,0,1,30,F,7,6,6,5,2,4,0,0,30,F,7,5,6,5,2,4,0,0,29,F,7,5,4,4,4,5,0,1,30,F,14,8,3,25,F,12,7,11,30,F,7,9,10,26,F,9,9,11,29,F,8,9,11,28,F,10,10,10,30,F,10,10,10,30,F,8,9,9,26,F,7,10,8,25,F,8,10,7,25,F,8,10,8,26,F,8,10,8,26,F,8,10,8,26,F,6,10,8,24,F,6,11,8,25,F,6,10,8,24,F
USSR,NF,NF,NF,NF,NF,NF,NF,NF,NF,NF,NF,NF,NF,NF,NF,NF,NF,NF,PF,PF,-,-,-,-,-,-,-,-,-,-,-,-,-,-,-,-,-,-,-,-,-,-,-,-,-,-,-,-,-,-,-,-,-,-,-,-,-,-,-,-,-,-,-,-,-,-,-,-,-,-,-,-,-,-,-,-,-,-,-,-,-,-,-,-,-,-,-,-,-,-,-,-,-,-,-,-,-,-,-,-,-,-,-,-,-,-,-,-,-,-,-,-,-,-,-,-,-,-,-,-,-,-,-,-,-,-,-,-,-,-,-,-,-,-,-,-,-,-,-,-,-,-,-,-,-,-,-,-,-,-,-,-,-,-,-,-,-,-,-,-,-,-,-,-,-,-,-,-,-,-,-,-,-,-,-,-,-,-,-,-,-
Uzbekistan,-,-,-,-,-,-,-,-,-,-,-,-,-,-,-,-,-,-,-,-,NF,9,10,10,10,9,10,10,17,85,NF,10,10,10,10,10,10,8,11,79,NF,10,10,10,10,10,10,0,15,75,NF,15,15,15,15,7,7,0,2,76,NF,15,15,15,15,8,8,0,0,76,NF,15,15,15,15,8,8,1,2,79,NF,15,15,15,14,10,10,2,2,83,NF,15,15,15,15,10,10,2,2,84,NF,26,36,22,84,NF,26,36,24,86,NF,25,34,25,84,NF,26,34,25,85,NF,28,37,25,90,NF,29,37,25,91,NF,29,38,25,92,NF,29,38,26,93,NF,29,37,26,92,NF,30,37,27,94,NF,30,37,28,95,NF,30,37,28,95,NF,30,37,28,95,NF,30,37,28,95,NF,30,37,28,95,NF,30,37,28,95,NF
Vanuatu,-,-,-,-,-,-,-,-,PF,PF,PF,PF,PF,PF,PF,PF,F,F,F,F,F,10,10,2,10,3,10,0,0,45,PF,6,6,9,9,5,9,5,5,54,PF,9,8,9,6,5,5,0,0,42,PF,9,8,9,6,5,5,0,0,42,PF,9,8,9,6,5,5,0,0,42,PF,9,8,9,6,5,5,0,0,42,PF,9,8,9,6,5,5,1,1,44,PF,7,6,9,5,5,5,0,0,37,PF,4,4,16,24,F,2,5,14,21,F,4,8,11,23,F,4,9,11,24,F,5,10,10,25,F,6,9,9,24,F,6,8,9,23,F,6,9,8,23,F,6,9,8,23,F,6,11,8,25,F,6,12,8,26,F,6,11,8,25,F,6,11,8,25,F,6,11,8,25,F,6,11,8,25,F,6,11,8,25,F
Venezuela,F,F,F,F,F,F,F,F,F,F,F,F,F,F,F,F,F,F,F,F,F,3,3,4,4,2,4,4,6,30,F,7,7,9,6,5,5,2,8,49,PF,2,8,2,8,1,6,0,4,31,PF,3,9,3,9,1,7,0,0,32,PF,3,9,3,9,1,7,0,1,33,PF,3,9,3,9,1,7,0,1,33,PF,3,9,3,9,1,7,1,1,34,PF,7,4,7,4,3,7,1,1,34,PF,19,15,10,44,PF,23,29,16,68,NF,22,29,17,68,NF,24,30,18,72,NF,25,30,17,72,NF,26,30,18,74,NF,26,29,19,74,NF,26,28,19,73,NF,26,30,19,75,NF,27,29,20,76,NF,27,29,20,76,NF,27,29,20,76,NF,26,30,22,78,NF,26,31,24,81,NF,26,30,24,80,NF,26,31,24,81,NF
Vietnam,NF,NF,NF,NF,NF,NF,NF,NF,NF,NF,NF,NF,NF,NF,NF,NF,NF,NF,NF,NF,NF,10,10,10,8,5,5,8,15,71,NF,10,10,10,9,10,10,0,9,68,NF,10,10,10,10,0,10,0,8,68,NF,14,14,14,14,0,10,0,3,69,NF,15,15,15,15,0,10,0,1,71,NF,15,15,15,15,0,10,0,1,71,NF,15,15,15,15,0,10,0,5,75,NF,15,15,15,15,5,10,0,5,80,NF,30,30,22,82,NF,30,30,22,82,NF,28,30,24,82,NF,28,30,24,82,NF,27,29,23,79,NF,27,28,22,77,NF,27,33,22,82,NF,28,33,22,83,NF,28,32,22,82,NF,28,33,22,83,NF,28,34,22,84,NF,29,33,22,84,NF,29,33,22,84,NF,30,34,22,86,NF,30,33,22,85,NF,30,33,21,84,NF
West Bank and Gaza Strip,-,-,-,-,-,-,-,-,-,-,-,-,-,-,-,-,-,-,-,-,-,-,-,-,-,-,-,-,-,-,-,-,-,-,-,-,-,-,-,-,-,-,-,-,-,-,-,-,-,-,-,-,-,-,-,-,-,-,-,-,-,-,-,-,-,-,-,-,-,-,-,-,-,-,-,-,-,-,-,-,-,-,-,-,-,-,-,-,-,-,-,-,-,-,-,-,-,-,-,-,-,-,-,-,-,-,-,-,-,-,-,-,-,-,-,-,-,-,-,-,-,-,-,-,-,-,-,-,-,-,-,-,-,-,-,-,-,-,-,-,-,-,-,-,-,-,-,-,-,-,-,28,33,22,83,NF,28,34,22,84,NF,27,33,22,82,NF,27,35,22,84,NF,27,34,22,83,NF,28,34,22,84,NF
Yemen,-,-,-,-,-,-,-,-,-,-,-,-,-,-,-,-,-,-,NF,NF,NF,5,5,8,5,8,9,5,10,55,PF,10,10,9,9,9,9,0,7,63,NF,10,10,10,10,0,8,0,20,68,NF,15,15,15,15,0,3,2,3,68,NF,15,15,15,15,0,3,0,5,68,NF,15,13,15,13,0,9,0,3,68,NF,14,13,14,13,0,9,1,4,68,NF,15,12,14,12,3,9,0,4,69,NF,27,23,15,65,NF,27,24,18,69,NF,26,22,19,67,NF,28,28,20,76,NF,28,33,20,81,NF,28,31,21,80,NF,26,31,21,78,NF,26,31,22,79,NF,26,32,22,80,NF,27,33,23,83,NF,27,33,23,83,NF,25,31,23,79,NF,24,29,23,76,NF,24,31,23,78,NF,26,34,23,83,NF,26,36,23,85,NF
"Yemen, North",NF,NF,NF,NF,NF,NF,NF,NF,NF,NF,NF,NF,NF,NF,NF,NF,NF,NF,-,-,-,-,-,-,-,-,-,-,-,-,-,-,-,-,-,-,-,-,-,-,-,-,-,-,-,-,-,-,-,-,-,-,-,-,-,-,-,-,-,-,-,-,-,-,-,-,-,-,-,-,-,-,-,-,-,-,-,-,-,-,-,-,-,-,-,-,-,-,-,-,-,-,-,-,-,-,-,-,-,-,-,-,-,-,-,-,-,-,-,-,-,-,-,-,-,-,-,-,-,-,-,-,-,-,-,-,-,-,-,-,-,-,-,-,-,-,-,-,-,-,-,-,-,-,-,-,-,-,-,-,-,-,-,-,-,-,-,-,-,-,-,-,-,-,-,-,-,-,-,-,-,-,-,-,-,-,-,-,-,-,-
"Yemen, South",NF,NF,NF,NF,NF,NF,NF,NF,NF,NF,NF,NF,NF,NF,NF,NF,NF,NF,-,-,-,-,-,-,-,-,-,-,-,-,-,-,-,-,-,-,-,-,-,-,-,-,-,-,-,-,-,-,-,-,-,-,-,-,-,-,-,-,-,-,-,-,-,-,-,-,-,-,-,-,-,-,-,-,-,-,-,-,-,-,-,-,-,-,-,-,-,-,-,-,-,-,-,-,-,-,-,-,-,-,-,-,-,-,-,-,-,-,-,-,-,-,-,-,-,-,-,-,-,-,-,-,-,-,-,-,-,-,-,-,-,-,-,-,-,-,-,-,-,-,-,-,-,-,-,-,-,-,-,-,-,-,-,-,-,-,-,-,-,-,-,-,-,-,-,-,-,-,-,-,-,-,-,-,-,-,-,-,-,-,-
Yugoslavia,NF,NF,NF,NF,NF,NF,NF,NF,NF,NF,NF,NF,NF,NF,NF,NF,NF,NF,PF,PF,NF,-,-,-,-,-,-,-,-,-,-,-,-,-,-,-,-,-,-,-,-,-,-,-,-,-,-,-,-,-,-,-,-,-,-,-,-,-,-,-,-,-,-,-,-,-,-,-,-,-,-,-,-,-,-,-,-,-,-,-,-,-,-,-,-,-,-,-,-,-,-,-,-,-,-,-,-,-,-,-,-,-,-,-,-,-,-,-,-,-,-,-,-,-,-,-,-,-,-,-,-,-,-,-,-,-,-,-,-,-,-,-,-,-,-,-,-,-,-,-,-,-,-,-,-,-,-,-,-,-,-,-,-,-,-,-,-,-,-,-,-,-,-,-,-,-,-,-,-,-,-,-,-,-,-,-,-,-,-,-,-
Zambia,PF,PF,PF,NF,PF,NF,PF,NF,PF,NF,PF,NF,PF,NF,PF,NF,NF,NF,NF,PF,F,7,9,7,2,8,2,5,10,50,PF,7,8,8,8,7,7,8,8,61,NF,7,9,8,9,0,7,0,20,60,NF,7,11,15,15,0,7,1,5,61,NF,7,11,12,13,0,7,5,5,60,PF,7,11,12,14,0,8,5,5,62,NF,7,12,13,14,1,10,0,5,62,NF,7,12,13,10,5,10,0,5,62,NF,22,24,19,65,NF,20,24,19,63,NF,19,24,20,63,NF,20,25,20,65,NF,19,24,21,64,NF,19,24,21,64,NF,20,24,20,64,NF,20,25,20,65,NF,19,25,20,64,NF,19,23,19,61,NF,19,22,19,60,PF,17,24,19,60,PF,18,24,19,61,NF,18,25,19,62,NF,19,23,19,61,NF,19,24,20,63,NF
Zimbabwe,PF,NF,PF,NF,PF,NF,PF,NF,NF,NF,NF,NF,NF,NF,NF,NF,NF,NF,PF,PF,PF,5,5,10,9,7,9,1,2,48,PF,6,7,10,9,8,9,5,5,59,PF,10,9,5,10,0,10,0,12,56,PF,12,10,8,12,0,10,0,5,57,PF,12,10,10,15,0,10,0,4,61,NF,12,10,10,15,3,11,0,3,64,NF,12,11,10,15,3,11,0,5,67,NF,12,11,10,15,3,13,0,5,69,NF,26,34,23,83,NF,30,34,24,88,NF,30,34,25,89,NF,30,34,25,89,NF,30,35,25,90,NF,29,33,27,89,NF,29,33,27,89,NF,29,32,27,88,NF,27,30,27,84,NF,25,29,27,81,NF,25,29,26,80,NF,25,26,26,77,NF,24,25,24,73,NF,23,23,24,70,NF,24,25,25,74,NF,24,25,25,74,NF
